<?xml version="1.0" encoding="UTF-8" ?>
<!-- This is a WordPress eXtended RSS file generated by WordPress as an export of your site. -->
<!-- It contains information about your site's posts, pages, comments, categories, and other content. -->
<!-- You may use this file to transfer that content from one site to another. -->
<!-- This file is not intended to serve as a complete backup of your site. -->

<!-- To import this information into a WordPress site follow these steps: -->
<!-- 1. Log in to that site as an administrator. -->
<!-- 2. Go to Tools: Import in the WordPress admin panel. -->
<!-- 3. Install the "WordPress" importer from the list. -->
<!-- 4. Activate & Run Importer. -->
<!-- 5. Upload this file using the form provided on that page. -->
<!-- 6. You will first be asked to map the authors in this export file to users -->
<!--    on the site. For each author, you may choose to map to an -->
<!--    existing user on the site or to create a new user. -->
<!-- 7. WordPress will then import each of the posts, pages, comments, categories, etc. -->
<!--    contained in this file into your site. -->

<!-- generator="WordPress/3.8.1" created="2014-03-19 23:38" -->
<rss version="2.0"
	xmlns:excerpt="http://wordpress.org/export/1.2/excerpt/"
	xmlns:content="http://purl.org/rss/1.0/modules/content/"
	xmlns:wfw="http://wellformedweb.org/CommentAPI/"
	xmlns:dc="http://purl.org/dc/elements/1.1/"
	xmlns:wp="http://wordpress.org/export/1.2/"
>

<channel>
	<title>Patti</title>
	<link>http://patti.deliciousthemes.com</link>
	<description>Just another WordPress site</description>
	<pubDate>Wed, 19 Mar 2014 23:38:18 +0000</pubDate>
	<language>en-US</language>
	<wp:wxr_version>1.2</wp:wxr_version>
	<wp:base_site_url>http://patti.deliciousthemes.com</wp:base_site_url>
	<wp:base_blog_url>http://patti.deliciousthemes.com</wp:base_blog_url>

	<wp:author><wp:author_id>1</wp:author_id><wp:author_login>admin</wp:author_login><wp:author_email>deliciousthemes@gmail.com</wp:author_email><wp:author_display_name><![CDATA[admin]]></wp:author_display_name><wp:author_first_name><![CDATA[]]></wp:author_first_name><wp:author_last_name><![CDATA[]]></wp:author_last_name></wp:author>


	<generator>http://wordpress.org/?v=3.8.1</generator>

	<item>
				<title>Blog</title>
		<link>http://patti.deliciousthemes.com/?page_id=66</link>
		<pubDate>Wed, 05 Mar 2014 11:09:00 +0000</pubDate>
		<dc:creator><![CDATA[admin]]></dc:creator>
		<guid isPermaLink="false">http://demo.deliciousthemes.com/patti/?page_id=66</guid>
		<description></description>
		<content:encoded><![CDATA[]]></content:encoded>
		<excerpt:encoded><![CDATA[]]></excerpt:encoded>
		<wp:post_id>66</wp:post_id>
		<wp:post_date>2014-03-05 11:09:00</wp:post_date>
		<wp:post_date_gmt>2014-03-05 11:09:00</wp:post_date_gmt>
		<wp:comment_status>open</wp:comment_status>
		<wp:ping_status>open</wp:ping_status>
		<wp:post_name>blog</wp:post_name>
		<wp:status>publish</wp:status>
		<wp:post_parent>0</wp:post_parent>
		<wp:menu_order>0</wp:menu_order>
		<wp:post_type>page</wp:post_type>
		<wp:post_password></wp:post_password>
		<wp:is_sticky>0</wp:is_sticky>
		<wp:postmeta>
			<wp:meta_key>_edit_last</wp:meta_key>
			<wp:meta_value><![CDATA[1]]></wp:meta_value>
		</wp:postmeta>
		<wp:postmeta>
			<wp:meta_key>_wp_page_template</wp:meta_key>
			<wp:meta_value><![CDATA[template-blog.php]]></wp:meta_value>
		</wp:postmeta>
		<wp:postmeta>
			<wp:meta_key>dt_onepage_header_color</wp:meta_key>
			<wp:meta_value><![CDATA[#]]></wp:meta_value>
		</wp:postmeta>
		<wp:postmeta>
			<wp:meta_key>_wpb_vc_js_status</wp:meta_key>
			<wp:meta_value><![CDATA[false]]></wp:meta_value>
		</wp:postmeta>
		<wp:postmeta>
			<wp:meta_key>_wpb_vc_js_interface_version</wp:meta_key>
			<wp:meta_value><![CDATA[0]]></wp:meta_value>
		</wp:postmeta>
		<wp:postmeta>
			<wp:meta_key>slide_template</wp:meta_key>
			<wp:meta_value><![CDATA[default]]></wp:meta_value>
		</wp:postmeta>
		<wp:postmeta>
			<wp:meta_key>vc_teaser</wp:meta_key>
			<wp:meta_value><![CDATA[a:2:{s:4:"data";s:115:"[{"name":"title","link":"post"},{"name":"image","image":"featured","link":"none"},{"name":"text","mode":"excerpt"}]";s:7:"bgcolor";s:0:"";}]]></wp:meta_value>
		</wp:postmeta>
		<wp:postmeta>
			<wp:meta_key>dt_portfolio_columns</wp:meta_key>
			<wp:meta_value><![CDATA[grid]]></wp:meta_value>
		</wp:postmeta>
		<wp:postmeta>
			<wp:meta_key>dt_portfolio_navigation</wp:meta_key>
			<wp:meta_value><![CDATA[filter]]></wp:meta_value>
		</wp:postmeta>
		<wp:postmeta>
			<wp:meta_key>dt_nav_number</wp:meta_key>
			<wp:meta_value><![CDATA[8]]></wp:meta_value>
		</wp:postmeta>
		<wp:postmeta>
			<wp:meta_key>dt_blog_layout</wp:meta_key>
			<wp:meta_value><![CDATA[masonry-3-cols]]></wp:meta_value>
		</wp:postmeta>
		<wp:postmeta>
			<wp:meta_key>dt_posts_number</wp:meta_key>
			<wp:meta_value><![CDATA[6]]></wp:meta_value>
		</wp:postmeta>
		<wp:postmeta>
			<wp:meta_key>dt_sidebar_position</wp:meta_key>
			<wp:meta_value><![CDATA[no-sidebar]]></wp:meta_value>
		</wp:postmeta>
		<wp:postmeta>
			<wp:meta_key>dt_all_sidebars</wp:meta_key>
			<wp:meta_value><![CDATA[sidebar]]></wp:meta_value>
		</wp:postmeta>
	</item>
	<item>
				<title>Homepage</title>
		<link>http://patti.deliciousthemes.com/</link>
		<pubDate>Thu, 06 Mar 2014 13:59:56 +0000</pubDate>
		<dc:creator><![CDATA[admin]]></dc:creator>
		<guid isPermaLink="false">http://demo.deliciousthemes.com/patti/?page_id=82</guid>
		<description></description>
		<content:encoded><![CDATA[[vc_row dt_bg_repeat="repeat-y" bg_color="#ffffff" dt_text_scheme="lighter-overlay" dt_no_mb="no-margin"][vc_column width="1/1"][rev_slider_vc alias="fullscreen-image-slider"][/vc_column][/vc_row][vc_row dt_bg_repeat="repeat-y" bg_color="#fafafa" dt_text_scheme="lighter-overlay" dt_padding_top="100" dt_padding_bottom="100" dt_no_mb="no-margin" dt_id="about"][vc_column width="1/1"][vc_row_inner][vc_column_inner width="1/1"][dt-section-title title="We`re Patti Studio"][dt-space height="60"][/vc_column_inner][/vc_row_inner][vc_row_inner][vc_column_inner width="1/3" css_animation="bottom-to-top"][vc_column_text]
<h2><strong>WE CARE.</strong></h2>
Sed ut perspiciatis unde omnis iste natus error sit voluptatem accusantium doloremque laudantium, totam rem aperiam, eaque ipsa quae ab illo inventore.[/vc_column_text][/vc_column_inner][vc_column_inner width="1/3" css_animation="bottom-to-top"][vc_column_text]
<h2><strong>WE DELIVER.</strong></h2>
Sed ut perspiciatis unde omnis iste natus error sit voluptatem accusantium doloremque laudantium, totam rem aperiam, eaque ipsa quae ab illo inventore.[/vc_column_text][/vc_column_inner][vc_column_inner width="1/3" css_animation="bottom-to-top"][vc_column_text]
<h2><strong>WE`RE CREATIVE.</strong></h2>
Sed ut perspiciatis unde omnis iste natus error sit voluptatem accusantium doloremque laudantium, totam rem aperiam, eaque ipsa quae ab illo inventore.[/vc_column_text][/vc_column_inner][/vc_row_inner][vc_row_inner][vc_column_inner width="1/1"][vc_separator color="grey"][/vc_column_inner][/vc_row_inner][vc_row_inner][vc_column_inner width="2/3" css_animation="bottom-to-top"][vc_column_text]
<h2><strong>ABOUT US</strong></h2>
Lorem ipsum dolor sit amet, consectetur adipiscing elit. Maecenas diam sapien, auctor sed blandit nec, adipiscing eget elit. Duis tempor elementum quam consequat condimentum. Cum sociis natoque penatibus et magnis dis parturient montes, nascetur ridiculus mus.Praesent volutpat nisl fringilla felis sodales elementum. Ut commodo arcu massa.

Cum sociis natoque penatibus et magnis dis parturient montes, nascetur ridiculus mus...[/vc_column_text][/vc_column_inner][vc_column_inner width="1/3"][dt-space height="20"][dt-skillbar values="65|HTML5" units="%"][dt-skillbar values="45|Illustrator" units="%"][dt-skillbar values="95|Photoshop" units="%"][/vc_column_inner][/vc_row_inner][/vc_column][/vc_row][vc_row dt_bg_repeat="repeat-y" bg_color="#ffffff" dt_text_scheme="lighter-overlay" dt_padding_top="100" dt_padding_bottom="100" dt_no_mb="no-margin"][vc_column width="1/1"][vc_row_inner][vc_column_inner width="1/1"][dt-section-title title="Our Team" subtitle="Quis autem vel eum iure reprehenderit qui in ea voluptate velit esse"][/vc_column_inner][/vc_row_inner][dt-space height="60"][vc_row_inner][vc_column_inner width="1/3" css_animation="bottom-to-top"][vc_column_text][dt-team-member id=37][/vc_column_text][/vc_column_inner][vc_column_inner width="1/3" css_animation="bottom-to-top"][vc_column_text][dt-team-member id=35][/vc_column_text][/vc_column_inner][vc_column_inner width="1/3" css_animation="bottom-to-top"][vc_column_text][dt-team-member id=33][/vc_column_text][/vc_column_inner][/vc_row_inner][/vc_column][/vc_row][vc_row bg_image="94" dt_bg_repeat="repeat-y" bg_color="#000000" dt_color_opacity="70" dt_text_scheme="darker-overlay" dt_padding_top="100" dt_padding_bottom="100" dt_no_mb="no-margin"][vc_column width="1/1"][vc_row_inner][vc_column_inner width="1/1"][dt-quote text="Perfection is achieved, not when there is nothing more to add, but when there is nothing left to take away." author="ANTOINE DE SAINT-EXUPÉRY"][/vc_column_inner][/vc_row_inner][/vc_column][/vc_row][vc_row dt_bg_repeat="repeat-y" bg_color="#ffffff" dt_color_opacity="100" dt_text_scheme="lighter-overlay" dt_padding_top="100" dt_padding_bottom="100" dt_no_mb="no-margin" dt_id="work"][vc_column width="1/1"][vc_row_inner][vc_column_inner width="1/1" css_animation="top-to-bottom"][dt-section-title title="Our Work"][/vc_column_inner][/vc_row_inner][dt-space height="60"][dt-portfolio-grid number="-1" categories="Branding,Marketing,Media,Photography,Print,Web Design"][/vc_column][/vc_row][vc_row dt_bg_repeat="repeat-y" bg_color="#ffffff" dt_color_opacity="100" dt_text_scheme="lighter-overlay" dt_padding_bottom="100" dt_no_mb="no-margin"][vc_column width="1/1"][dt-section-title title="Some Fun Facts"][dt-space height="60"][vc_row_inner][vc_column_inner width="1/4"][dt-funfact data_decimals="0" data_speed="2000" border_left="0" data_to="134" funfact_text="Cups of Coffee"][/vc_column_inner][vc_column_inner width="1/4"][dt-funfact data_decimals="0" data_speed="2000" border_left="1" data_to="75" funfact_text="Projects Delivered"][/vc_column_inner][vc_column_inner width="1/4"][dt-funfact data_decimals="0" data_speed="2000" border_left="1" data_to="28" funfact_text="Satisfied Clients"][/vc_column_inner][vc_column_inner width="1/4"][dt-funfact data_decimals="0" data_speed="2000" border_left="1" data_to="12" funfact_text="Winning Awards"][/vc_column_inner][/vc_row_inner][/vc_column][/vc_row][vc_row bg_image="106" dt_bg_repeat="repeat-y" bg_color="#ffffff" dt_color_opacity="70" dt_text_scheme="lighter-overlay" dt_padding_top="100" dt_padding_bottom="100" dt_no_mb="no-margin" dt_id="services"][vc_column width="1/1"][vc_row_inner][vc_column_inner width="1/1" css_animation="bottom-to-top"][dt-section-title title="Services"][dt-space height="60"][dt-services ids="32,31,30,29,28"][/vc_column_inner][/vc_row_inner][/vc_column][/vc_row][vc_row dt_bg_repeat="repeat-y" bg_color="#ffffff" dt_color_opacity="100" dt_text_scheme="lighter-overlay" dt_padding_top="100" dt_padding_bottom="100" dt_no_mb="no-margin" dt_id="journal"][vc_column width="1/1"][vc_row_inner][vc_column_inner width="1/1"][dt-section-title title="From the Blog"][dt-space height="60"][/vc_column_inner][/vc_row_inner][vc_row_inner][vc_column_inner width="1/1"][dt-blog-grid number="7" columns="3" categories="advertising,business,marketing,media,quotes,web-applications"][/vc_column_inner][/vc_row_inner][/vc_column][/vc_row][vc_row bg_image="109" dt_bg_repeat="repeat-y" bg_color="#000000" dt_color_opacity="70" dt_text_scheme="darker-overlay" dt_padding_top="100" dt_padding_bottom="100" dt_no_mb="no-margin"][vc_column width="1/1"][vc_row_inner][vc_column_inner width="1/1"][dt-section-title title="Twitter Feed"][dt-space height="60"][/vc_column_inner][/vc_row_inner][vc_row_inner][vc_column_inner width="1/1"][vc_column_text]To set up the "Twitter Feed Slider" element, go to <a href="https://dev.twitter.com/">Dev.Twitter.com</a> and create a new app, so you can get your keys for the feed.[/vc_column_text][/vc_column_inner][/vc_row_inner][/vc_column][/vc_row][vc_row dt_bg_repeat="repeat-y" bg_color="#ffffff" dt_color_opacity="100" dt_text_scheme="lighter-overlay" dt_padding_top="100" dt_padding_bottom="100" dt_no_mb="no-margin"][vc_column width="1/1"][vc_row_inner][vc_column_inner width="1/1"][dt-section-title title="Testimonials"][dt-space height="60"][/vc_column_inner][/vc_row_inner][vc_row_inner][vc_column_inner width="1/1"][dt-testimonials ids="41,40,39"][/vc_column_inner][/vc_row_inner][/vc_column][/vc_row][vc_row bg_image="113" dt_bg_repeat="repeat-y" bg_color="#000000" dt_color_opacity="70" dt_text_scheme="darker-overlay" dt_padding_top="100" dt_padding_bottom="100" dt_no_mb="no-margin" dt_id="contact"][vc_column width="1/1"][vc_row_inner][vc_column_inner width="1/1"][dt-section-title title="Come and Work with Us"][dt-space height="60"][/vc_column_inner][/vc_row_inner][vc_row_inner][vc_column_inner width="1/2"][vc_column_text]
<h3>Contact Info</h3>
<ul class="contact-info">
	<li><i class="fa fa-map-marker"></i>Amphitheatre Parkway, Mountain View, CA 94043</li>
	<li><i class="fa fa-phone"></i>+321 123 456 7</li>
	<li><i class="fa fa-envelope"></i><a href="mailto:">johndoe@ipsum.com</a></li>
	<li><i class="fa fa-globe"></i><a href="#">www.website.com</a></li>
</ul>
[/vc_column_text][/vc_column_inner][vc_column_inner width="1/2"][contact-form-7 id="69"][/vc_column_inner][/vc_row_inner][/vc_column][/vc_row][vc_row dt_bg_repeat="repeat-y" bg_color="#ffffff" dt_text_scheme="lighter-overlay" dt_no_mb="no-margin"][vc_column width="1/1"][dt-google-map button_text="Locate us on Map" latitude="37.422117" longitude="-122.084053" pin_title="Company Headquarters" pin_desc="Now that you visited our website, how about
checking out our office too?"][/vc_column][/vc_row]]]></content:encoded>
		<excerpt:encoded><![CDATA[]]></excerpt:encoded>
		<wp:post_id>82</wp:post_id>
		<wp:post_date>2014-03-06 13:59:56</wp:post_date>
		<wp:post_date_gmt>2014-03-06 13:59:56</wp:post_date_gmt>
		<wp:comment_status>open</wp:comment_status>
		<wp:ping_status>open</wp:ping_status>
		<wp:post_name>homepage</wp:post_name>
		<wp:status>publish</wp:status>
		<wp:post_parent>0</wp:post_parent>
		<wp:menu_order>0</wp:menu_order>
		<wp:post_type>page</wp:post_type>
		<wp:post_password></wp:post_password>
		<wp:is_sticky>0</wp:is_sticky>
		<wp:postmeta>
			<wp:meta_key>_edit_last</wp:meta_key>
			<wp:meta_value><![CDATA[1]]></wp:meta_value>
		</wp:postmeta>
		<wp:postmeta>
			<wp:meta_key>_wp_page_template</wp:meta_key>
			<wp:meta_value><![CDATA[template-homepage.php]]></wp:meta_value>
		</wp:postmeta>
		<wp:postmeta>
			<wp:meta_key>_wpb_vc_js_status</wp:meta_key>
			<wp:meta_value><![CDATA[true]]></wp:meta_value>
		</wp:postmeta>
		<wp:postmeta>
			<wp:meta_key>_wpb_vc_js_interface_version</wp:meta_key>
			<wp:meta_value><![CDATA[2]]></wp:meta_value>
		</wp:postmeta>
		<wp:postmeta>
			<wp:meta_key>slide_template</wp:meta_key>
			<wp:meta_value><![CDATA[default]]></wp:meta_value>
		</wp:postmeta>
		<wp:postmeta>
			<wp:meta_key>vc_teaser</wp:meta_key>
			<wp:meta_value><![CDATA[a:2:{s:4:"data";s:115:"[{"name":"title","link":"post"},{"name":"image","image":"featured","link":"none"},{"name":"text","mode":"excerpt"}]";s:7:"bgcolor";s:0:"";}]]></wp:meta_value>
		</wp:postmeta>
		<wp:postmeta>
			<wp:meta_key>dt_portfolio_columns</wp:meta_key>
			<wp:meta_value><![CDATA[grid]]></wp:meta_value>
		</wp:postmeta>
		<wp:postmeta>
			<wp:meta_key>dt_portfolio_navigation</wp:meta_key>
			<wp:meta_value><![CDATA[filter]]></wp:meta_value>
		</wp:postmeta>
		<wp:postmeta>
			<wp:meta_key>dt_nav_number</wp:meta_key>
			<wp:meta_value><![CDATA[8]]></wp:meta_value>
		</wp:postmeta>
		<wp:postmeta>
			<wp:meta_key>dt_blog_layout</wp:meta_key>
			<wp:meta_value><![CDATA[masonry-3-cols]]></wp:meta_value>
		</wp:postmeta>
		<wp:postmeta>
			<wp:meta_key>dt_posts_number</wp:meta_key>
			<wp:meta_value><![CDATA[10]]></wp:meta_value>
		</wp:postmeta>
		<wp:postmeta>
			<wp:meta_key>dt_sidebar_position</wp:meta_key>
			<wp:meta_value><![CDATA[no-sidebar]]></wp:meta_value>
		</wp:postmeta>
		<wp:postmeta>
			<wp:meta_key>dt_all_sidebars</wp:meta_key>
			<wp:meta_value><![CDATA[sidebar]]></wp:meta_value>
		</wp:postmeta>
	</item>
</channel>
</rss>
