<?xml version="1.0" encoding="UTF-8" ?>
<!-- This is a WordPress eXtended RSS file generated by WordPress as an export of your site. -->
<!-- It contains information about your site's posts, pages, comments, categories, and other content. -->
<!-- You may use this file to transfer that content from one site to another. -->
<!-- This file is not intended to serve as a complete backup of your site. -->

<!-- To import this information into a WordPress site follow these steps: -->
<!-- 1. Log in to that site as an administrator. -->
<!-- 2. Go to Tools: Import in the WordPress admin panel. -->
<!-- 3. Install the "WordPress" importer from the list. -->
<!-- 4. Activate & Run Importer. -->
<!-- 5. Upload this file using the form provided on that page. -->
<!-- 6. You will first be asked to map the authors in this export file to users -->
<!--    on the site. For each author, you may choose to map to an -->
<!--    existing user on the site or to create a new user. -->
<!-- 7. WordPress will then import each of the posts, pages, comments, categories, etc. -->
<!--    contained in this file into your site. -->

<!-- generator="WordPress/3.8.1" created="2014-03-19 23:40" -->
<rss version="2.0"
	xmlns:excerpt="http://wordpress.org/export/1.2/excerpt/"
	xmlns:content="http://purl.org/rss/1.0/modules/content/"
	xmlns:wfw="http://wellformedweb.org/CommentAPI/"
	xmlns:dc="http://purl.org/dc/elements/1.1/"
	xmlns:wp="http://wordpress.org/export/1.2/"
>

<channel>
	<title>Patti</title>
	<link>http://patti.deliciousthemes.com</link>
	<description>Just another WordPress site</description>
	<pubDate>Wed, 19 Mar 2014 23:40:38 +0000</pubDate>
	<language>en-US</language>
	<wp:wxr_version>1.2</wp:wxr_version>
	<wp:base_site_url>http://patti.deliciousthemes.com</wp:base_site_url>
	<wp:base_blog_url>http://patti.deliciousthemes.com</wp:base_blog_url>

	<wp:author><wp:author_id>1</wp:author_id><wp:author_login>admin</wp:author_login><wp:author_email>deliciousthemes@gmail.com</wp:author_email><wp:author_display_name><![CDATA[admin]]></wp:author_display_name><wp:author_first_name><![CDATA[]]></wp:author_first_name><wp:author_last_name><![CDATA[]]></wp:author_last_name></wp:author>


	<generator>http://wordpress.org/?v=3.8.1</generator>

	<item>
				<title>John Doe</title>
		<link>http://patti.deliciousthemes.com/?testimonials=john-doe</link>
		<pubDate>Sun, 02 Mar 2014 15:56:11 +0000</pubDate>
		<dc:creator><![CDATA[admin]]></dc:creator>
		<guid isPermaLink="false">http://demo.deliciousthemes.com/patti/?post_type=testimonials&#038;p=39</guid>
		<description></description>
		<content:encoded><![CDATA[]]></content:encoded>
		<excerpt:encoded><![CDATA[]]></excerpt:encoded>
		<wp:post_id>39</wp:post_id>
		<wp:post_date>2014-03-02 15:56:11</wp:post_date>
		<wp:post_date_gmt>2014-03-02 15:56:11</wp:post_date_gmt>
		<wp:comment_status>closed</wp:comment_status>
		<wp:ping_status>closed</wp:ping_status>
		<wp:post_name>john-doe</wp:post_name>
		<wp:status>publish</wp:status>
		<wp:post_parent>0</wp:post_parent>
		<wp:menu_order>0</wp:menu_order>
		<wp:post_type>testimonials</wp:post_type>
		<wp:post_password></wp:post_password>
		<wp:is_sticky>0</wp:is_sticky>
		<wp:postmeta>
			<wp:meta_key>_edit_last</wp:meta_key>
			<wp:meta_value><![CDATA[1]]></wp:meta_value>
		</wp:postmeta>
		<wp:postmeta>
			<wp:meta_key>dt_testimonial_desc</wp:meta_key>
			<wp:meta_value><![CDATA[“I had the best <a href="#">collaboration ever</a>. I`m very excited about the way that my new website looks. And all because of the awesome guys from Patti Studio.”]]></wp:meta_value>
		</wp:postmeta>
		<wp:postmeta>
			<wp:meta_key>dt_testimonial_name</wp:meta_key>
			<wp:meta_value><![CDATA[John Doe]]></wp:meta_value>
		</wp:postmeta>
		<wp:postmeta>
			<wp:meta_key>dt_testimonial_details</wp:meta_key>
			<wp:meta_value><![CDATA[Company CEO]]></wp:meta_value>
		</wp:postmeta>
	</item>
	<item>
				<title>Elena Gonzales</title>
		<link>http://patti.deliciousthemes.com/?testimonials=elena-gonzales</link>
		<pubDate>Sun, 02 Mar 2014 15:56:49 +0000</pubDate>
		<dc:creator><![CDATA[admin]]></dc:creator>
		<guid isPermaLink="false">http://demo.deliciousthemes.com/patti/?post_type=testimonials&#038;p=40</guid>
		<description></description>
		<content:encoded><![CDATA[]]></content:encoded>
		<excerpt:encoded><![CDATA[]]></excerpt:encoded>
		<wp:post_id>40</wp:post_id>
		<wp:post_date>2014-03-02 15:56:49</wp:post_date>
		<wp:post_date_gmt>2014-03-02 15:56:49</wp:post_date_gmt>
		<wp:comment_status>closed</wp:comment_status>
		<wp:ping_status>closed</wp:ping_status>
		<wp:post_name>elena-gonzales</wp:post_name>
		<wp:status>publish</wp:status>
		<wp:post_parent>0</wp:post_parent>
		<wp:menu_order>0</wp:menu_order>
		<wp:post_type>testimonials</wp:post_type>
		<wp:post_password></wp:post_password>
		<wp:is_sticky>0</wp:is_sticky>
		<wp:postmeta>
			<wp:meta_key>_edit_last</wp:meta_key>
			<wp:meta_value><![CDATA[1]]></wp:meta_value>
		</wp:postmeta>
		<wp:postmeta>
			<wp:meta_key>dt_testimonial_desc</wp:meta_key>
			<wp:meta_value><![CDATA["We have been very much impressed by Patti Studio. They grasped our needs and produced a stunning design. Needless to say we are extremely satisfied with the results. Thank you!”]]></wp:meta_value>
		</wp:postmeta>
		<wp:postmeta>
			<wp:meta_key>dt_testimonial_name</wp:meta_key>
			<wp:meta_value><![CDATA[Elena Gonzales]]></wp:meta_value>
		</wp:postmeta>
		<wp:postmeta>
			<wp:meta_key>dt_testimonial_details</wp:meta_key>
			<wp:meta_value><![CDATA[Envato Team]]></wp:meta_value>
		</wp:postmeta>
	</item>
	<item>
				<title>Richard Brennan</title>
		<link>http://patti.deliciousthemes.com/?testimonials=richard-brennan</link>
		<pubDate>Sun, 02 Mar 2014 15:57:38 +0000</pubDate>
		<dc:creator><![CDATA[admin]]></dc:creator>
		<guid isPermaLink="false">http://demo.deliciousthemes.com/patti/?post_type=testimonials&#038;p=41</guid>
		<description></description>
		<content:encoded><![CDATA[]]></content:encoded>
		<excerpt:encoded><![CDATA[]]></excerpt:encoded>
		<wp:post_id>41</wp:post_id>
		<wp:post_date>2014-03-02 15:57:38</wp:post_date>
		<wp:post_date_gmt>2014-03-02 15:57:38</wp:post_date_gmt>
		<wp:comment_status>closed</wp:comment_status>
		<wp:ping_status>closed</wp:ping_status>
		<wp:post_name>richard-brennan</wp:post_name>
		<wp:status>publish</wp:status>
		<wp:post_parent>0</wp:post_parent>
		<wp:menu_order>0</wp:menu_order>
		<wp:post_type>testimonials</wp:post_type>
		<wp:post_password></wp:post_password>
		<wp:is_sticky>0</wp:is_sticky>
		<wp:postmeta>
			<wp:meta_key>_edit_last</wp:meta_key>
			<wp:meta_value><![CDATA[1]]></wp:meta_value>
		</wp:postmeta>
		<wp:postmeta>
			<wp:meta_key>dt_testimonial_desc</wp:meta_key>
			<wp:meta_value><![CDATA["The work they made impressed me on multiple levels. I have been very happy about the whole process and they have done a great job. They was fast to deliver new ideas and always helpful with our questions!”]]></wp:meta_value>
		</wp:postmeta>
		<wp:postmeta>
			<wp:meta_key>dt_testimonial_name</wp:meta_key>
			<wp:meta_value><![CDATA[Richard Brennan]]></wp:meta_value>
		</wp:postmeta>
		<wp:postmeta>
			<wp:meta_key>dt_testimonial_details</wp:meta_key>
			<wp:meta_value><![CDATA[Linda Marketing Team]]></wp:meta_value>
		</wp:postmeta>
	</item>
</channel>
</rss>
