<?xml version="1.0" encoding="UTF-8" ?>
<!-- This is a WordPress eXtended RSS file generated by WordPress as an export of your site. -->
<!-- It contains information about your site's posts, pages, comments, categories, and other content. -->
<!-- You may use this file to transfer that content from one site to another. -->
<!-- This file is not intended to serve as a complete backup of your site. -->

<!-- To import this information into a WordPress site follow these steps: -->
<!-- 1. Log in to that site as an administrator. -->
<!-- 2. Go to Tools: Import in the WordPress admin panel. -->
<!-- 3. Install the "WordPress" importer from the list. -->
<!-- 4. Activate & Run Importer. -->
<!-- 5. Upload this file using the form provided on that page. -->
<!-- 6. You will first be asked to map the authors in this export file to users -->
<!--    on the site. For each author, you may choose to map to an -->
<!--    existing user on the site or to create a new user. -->
<!-- 7. WordPress will then import each of the posts, pages, comments, categories, etc. -->
<!--    contained in this file into your site. -->

<!-- generator="WordPress/3.8.1" created="2014-03-19 23:40" -->
<rss version="2.0"
	xmlns:excerpt="http://wordpress.org/export/1.2/excerpt/"
	xmlns:content="http://purl.org/rss/1.0/modules/content/"
	xmlns:wfw="http://wellformedweb.org/CommentAPI/"
	xmlns:dc="http://purl.org/dc/elements/1.1/"
	xmlns:wp="http://wordpress.org/export/1.2/"
>

<channel>
	<title>Patti</title>
	<link>http://patti.deliciousthemes.com</link>
	<description>Just another WordPress site</description>
	<pubDate>Wed, 19 Mar 2014 23:40:16 +0000</pubDate>
	<language>en-US</language>
	<wp:wxr_version>1.2</wp:wxr_version>
	<wp:base_site_url>http://patti.deliciousthemes.com</wp:base_site_url>
	<wp:base_blog_url>http://patti.deliciousthemes.com</wp:base_blog_url>

	<wp:author><wp:author_id>1</wp:author_id><wp:author_login>admin</wp:author_login><wp:author_email>deliciousthemes@gmail.com</wp:author_email><wp:author_display_name><![CDATA[admin]]></wp:author_display_name><wp:author_first_name><![CDATA[]]></wp:author_first_name><wp:author_last_name><![CDATA[]]></wp:author_last_name></wp:author>


	<generator>http://wordpress.org/?v=3.8.1</generator>

	<item>
				<title>Fast Delivery</title>
		<link>http://patti.deliciousthemes.com/?services=fast-delivery</link>
		<pubDate>Sun, 02 Mar 2014 15:38:50 +0000</pubDate>
		<dc:creator><![CDATA[admin]]></dc:creator>
		<guid isPermaLink="false">http://demo.deliciousthemes.com/patti/?post_type=services&#038;p=28</guid>
		<description></description>
		<content:encoded><![CDATA[]]></content:encoded>
		<excerpt:encoded><![CDATA[]]></excerpt:encoded>
		<wp:post_id>28</wp:post_id>
		<wp:post_date>2014-03-02 15:38:50</wp:post_date>
		<wp:post_date_gmt>2014-03-02 15:38:50</wp:post_date_gmt>
		<wp:comment_status>closed</wp:comment_status>
		<wp:ping_status>closed</wp:ping_status>
		<wp:post_name>fast-delivery</wp:post_name>
		<wp:status>publish</wp:status>
		<wp:post_parent>0</wp:post_parent>
		<wp:menu_order>0</wp:menu_order>
		<wp:post_type>services</wp:post_type>
		<wp:post_password></wp:post_password>
		<wp:is_sticky>0</wp:is_sticky>
		<wp:postmeta>
			<wp:meta_key>_edit_last</wp:meta_key>
			<wp:meta_value><![CDATA[1]]></wp:meta_value>
		</wp:postmeta>
		<wp:postmeta>
			<wp:meta_key>dt_service_text</wp:meta_key>
			<wp:meta_value><![CDATA[Quis autem vel eum iure reprehenderit qui in ea voluptate velit esse quam nihil molestiae consequatur.

Vel illum qui dolorem eum fugiat quo voluptas nulla pariatur.]]></wp:meta_value>
		</wp:postmeta>
		<wp:postmeta>
			<wp:meta_key>dt_service_icon</wp:meta_key>
			<wp:meta_value><![CDATA[fa-clock-o]]></wp:meta_value>
		</wp:postmeta>
		<wp:postmeta>
			<wp:meta_key>dt_service_style</wp:meta_key>
			<wp:meta_value><![CDATA[service-style-2]]></wp:meta_value>
		</wp:postmeta>
	</item>
	<item>
				<title>Copywriting</title>
		<link>http://patti.deliciousthemes.com/?services=copywriting</link>
		<pubDate>Sun, 02 Mar 2014 15:40:03 +0000</pubDate>
		<dc:creator><![CDATA[admin]]></dc:creator>
		<guid isPermaLink="false">http://demo.deliciousthemes.com/patti/?post_type=services&#038;p=29</guid>
		<description></description>
		<content:encoded><![CDATA[]]></content:encoded>
		<excerpt:encoded><![CDATA[]]></excerpt:encoded>
		<wp:post_id>29</wp:post_id>
		<wp:post_date>2014-03-02 15:40:03</wp:post_date>
		<wp:post_date_gmt>2014-03-02 15:40:03</wp:post_date_gmt>
		<wp:comment_status>closed</wp:comment_status>
		<wp:ping_status>closed</wp:ping_status>
		<wp:post_name>copywriting</wp:post_name>
		<wp:status>publish</wp:status>
		<wp:post_parent>0</wp:post_parent>
		<wp:menu_order>0</wp:menu_order>
		<wp:post_type>services</wp:post_type>
		<wp:post_password></wp:post_password>
		<wp:is_sticky>0</wp:is_sticky>
		<wp:postmeta>
			<wp:meta_key>_edit_last</wp:meta_key>
			<wp:meta_value><![CDATA[1]]></wp:meta_value>
		</wp:postmeta>
		<wp:postmeta>
			<wp:meta_key>dt_service_text</wp:meta_key>
			<wp:meta_value><![CDATA[At vero eos et accusamus et iusto odio dignissimos ducimus qui blanditiis praesentium voluptatum.

Deleniti atque corrupti quos dolores et quas molestias excepturi sint occaecati cupiditate non provident.]]></wp:meta_value>
		</wp:postmeta>
		<wp:postmeta>
			<wp:meta_key>dt_service_icon</wp:meta_key>
			<wp:meta_value><![CDATA[fa-pencil-square-o]]></wp:meta_value>
		</wp:postmeta>
		<wp:postmeta>
			<wp:meta_key>dt_service_style</wp:meta_key>
			<wp:meta_value><![CDATA[service-style-2]]></wp:meta_value>
		</wp:postmeta>
	</item>
	<item>
				<title>Photography</title>
		<link>http://patti.deliciousthemes.com/?services=photography</link>
		<pubDate>Sun, 02 Mar 2014 15:40:53 +0000</pubDate>
		<dc:creator><![CDATA[admin]]></dc:creator>
		<guid isPermaLink="false">http://demo.deliciousthemes.com/patti/?post_type=services&#038;p=30</guid>
		<description></description>
		<content:encoded><![CDATA[]]></content:encoded>
		<excerpt:encoded><![CDATA[]]></excerpt:encoded>
		<wp:post_id>30</wp:post_id>
		<wp:post_date>2014-03-02 15:40:53</wp:post_date>
		<wp:post_date_gmt>2014-03-02 15:40:53</wp:post_date_gmt>
		<wp:comment_status>closed</wp:comment_status>
		<wp:ping_status>closed</wp:ping_status>
		<wp:post_name>photography</wp:post_name>
		<wp:status>publish</wp:status>
		<wp:post_parent>0</wp:post_parent>
		<wp:menu_order>0</wp:menu_order>
		<wp:post_type>services</wp:post_type>
		<wp:post_password></wp:post_password>
		<wp:is_sticky>0</wp:is_sticky>
		<wp:postmeta>
			<wp:meta_key>_edit_last</wp:meta_key>
			<wp:meta_value><![CDATA[1]]></wp:meta_value>
		</wp:postmeta>
		<wp:postmeta>
			<wp:meta_key>dt_service_text</wp:meta_key>
			<wp:meta_value><![CDATA[Consectetur, adipisci velit, sed quia non numquam eius modi tempora incidunt ut labore et dolore magnam aliquam.

Ut enim ad minima veniam, quis nostrum exercitationem ullam corporis suscipit laboriosam.]]></wp:meta_value>
		</wp:postmeta>
		<wp:postmeta>
			<wp:meta_key>dt_service_icon</wp:meta_key>
			<wp:meta_value><![CDATA[fa-camera-retro]]></wp:meta_value>
		</wp:postmeta>
		<wp:postmeta>
			<wp:meta_key>dt_service_style</wp:meta_key>
			<wp:meta_value><![CDATA[service-style-2]]></wp:meta_value>
		</wp:postmeta>
	</item>
	<item>
				<title>Clean Code</title>
		<link>http://patti.deliciousthemes.com/?services=clean-code</link>
		<pubDate>Sun, 02 Mar 2014 15:41:47 +0000</pubDate>
		<dc:creator><![CDATA[admin]]></dc:creator>
		<guid isPermaLink="false">http://demo.deliciousthemes.com/patti/?post_type=services&#038;p=31</guid>
		<description></description>
		<content:encoded><![CDATA[]]></content:encoded>
		<excerpt:encoded><![CDATA[]]></excerpt:encoded>
		<wp:post_id>31</wp:post_id>
		<wp:post_date>2014-03-02 15:41:47</wp:post_date>
		<wp:post_date_gmt>2014-03-02 15:41:47</wp:post_date_gmt>
		<wp:comment_status>closed</wp:comment_status>
		<wp:ping_status>closed</wp:ping_status>
		<wp:post_name>clean-code</wp:post_name>
		<wp:status>publish</wp:status>
		<wp:post_parent>0</wp:post_parent>
		<wp:menu_order>0</wp:menu_order>
		<wp:post_type>services</wp:post_type>
		<wp:post_password></wp:post_password>
		<wp:is_sticky>0</wp:is_sticky>
		<wp:postmeta>
			<wp:meta_key>_edit_last</wp:meta_key>
			<wp:meta_value><![CDATA[1]]></wp:meta_value>
		</wp:postmeta>
		<wp:postmeta>
			<wp:meta_key>dt_service_text</wp:meta_key>
			<wp:meta_value><![CDATA[Nemo enim ipsam voluptatem quia voluptas sit aspernatur aut odit aut fugit, sed quia consequuntur magni dolores eos qui ratione voluptatem sequi nesciunt.

Neque porro quisquam est, qui dolorem ipsum quia dolor sit amet.]]></wp:meta_value>
		</wp:postmeta>
		<wp:postmeta>
			<wp:meta_key>dt_service_icon</wp:meta_key>
			<wp:meta_value><![CDATA[fa-cogs]]></wp:meta_value>
		</wp:postmeta>
		<wp:postmeta>
			<wp:meta_key>dt_service_style</wp:meta_key>
			<wp:meta_value><![CDATA[service-style-2]]></wp:meta_value>
		</wp:postmeta>
	</item>
	<item>
				<title>Social Media</title>
		<link>http://patti.deliciousthemes.com/?services=social-media</link>
		<pubDate>Sun, 02 Mar 2014 15:42:36 +0000</pubDate>
		<dc:creator><![CDATA[admin]]></dc:creator>
		<guid isPermaLink="false">http://demo.deliciousthemes.com/patti/?post_type=services&#038;p=32</guid>
		<description></description>
		<content:encoded><![CDATA[]]></content:encoded>
		<excerpt:encoded><![CDATA[]]></excerpt:encoded>
		<wp:post_id>32</wp:post_id>
		<wp:post_date>2014-03-02 15:42:36</wp:post_date>
		<wp:post_date_gmt>2014-03-02 15:42:36</wp:post_date_gmt>
		<wp:comment_status>closed</wp:comment_status>
		<wp:ping_status>closed</wp:ping_status>
		<wp:post_name>social-media</wp:post_name>
		<wp:status>publish</wp:status>
		<wp:post_parent>0</wp:post_parent>
		<wp:menu_order>0</wp:menu_order>
		<wp:post_type>services</wp:post_type>
		<wp:post_password></wp:post_password>
		<wp:is_sticky>0</wp:is_sticky>
		<wp:postmeta>
			<wp:meta_key>_edit_last</wp:meta_key>
			<wp:meta_value><![CDATA[1]]></wp:meta_value>
		</wp:postmeta>
		<wp:postmeta>
			<wp:meta_key>dt_service_text</wp:meta_key>
			<wp:meta_value><![CDATA[Sed ut perspiciatis unde omnis iste natus error sit voluptatem accusantium doloremque laudantium, totam rem aperiam.

Eaque ipsa quae ab illo inventore veritatis et quasi architecto beatae vitae dicta sunt explicabo.]]></wp:meta_value>
		</wp:postmeta>
		<wp:postmeta>
			<wp:meta_key>dt_service_icon</wp:meta_key>
			<wp:meta_value><![CDATA[fa-microphone]]></wp:meta_value>
		</wp:postmeta>
		<wp:postmeta>
			<wp:meta_key>dt_service_style</wp:meta_key>
			<wp:meta_value><![CDATA[service-style-2]]></wp:meta_value>
		</wp:postmeta>
	</item>
</channel>
</rss>
