<?xml version="1.0" encoding="UTF-8" ?>
<!-- This is a WordPress eXtended RSS file generated by WordPress as an export of your site. -->
<!-- It contains information about your site's posts, pages, comments, categories, and other content. -->
<!-- You may use this file to transfer that content from one site to another. -->
<!-- This file is not intended to serve as a complete backup of your site. -->

<!-- To import this information into a WordPress site follow these steps: -->
<!-- 1. Log in to that site as an administrator. -->
<!-- 2. Go to Tools: Import in the WordPress admin panel. -->
<!-- 3. Install the "WordPress" importer from the list. -->
<!-- 4. Activate & Run Importer. -->
<!-- 5. Upload this file using the form provided on that page. -->
<!-- 6. You will first be asked to map the authors in this export file to users -->
<!--    on the site. For each author, you may choose to map to an -->
<!--    existing user on the site or to create a new user. -->
<!-- 7. WordPress will then import each of the posts, pages, comments, categories, etc. -->
<!--    contained in this file into your site. -->

<!-- generator="WordPress/3.8.1" created="2014-03-19 23:38" -->
<rss version="2.0"
	xmlns:excerpt="http://wordpress.org/export/1.2/excerpt/"
	xmlns:content="http://purl.org/rss/1.0/modules/content/"
	xmlns:wfw="http://wellformedweb.org/CommentAPI/"
	xmlns:dc="http://purl.org/dc/elements/1.1/"
	xmlns:wp="http://wordpress.org/export/1.2/"
>

<channel>
	<title>Patti</title>
	<link>http://patti.deliciousthemes.com</link>
	<description>Just another WordPress site</description>
	<pubDate>Wed, 19 Mar 2014 23:38:36 +0000</pubDate>
	<language>en-US</language>
	<wp:wxr_version>1.2</wp:wxr_version>
	<wp:base_site_url>http://patti.deliciousthemes.com</wp:base_site_url>
	<wp:base_blog_url>http://patti.deliciousthemes.com</wp:base_blog_url>

	<wp:author><wp:author_id>1</wp:author_id><wp:author_login>admin</wp:author_login><wp:author_email>deliciousthemes@gmail.com</wp:author_email><wp:author_display_name><![CDATA[admin]]></wp:author_display_name><wp:author_first_name><![CDATA[]]></wp:author_first_name><wp:author_last_name><![CDATA[]]></wp:author_last_name></wp:author>


	<generator>http://wordpress.org/?v=3.8.1</generator>

	<item>
				<title>Contact form 1</title>
		<link>http://patti.deliciousthemes.com/?post_type=wpcf7_contact_form&#038;p=5</link>
		<pubDate>Mon, 17 Mar 2014 18:33:54 +0000</pubDate>
		<dc:creator><![CDATA[admin]]></dc:creator>
		<guid isPermaLink="false">http://patti.deliciousthemes.com/?post_type=wpcf7_contact_form&#038;p=5</guid>
		<description></description>
		<content:encoded><![CDATA[<p>Your Name (required)<br />
    [text* your-name] </p>

<p>Your Email (required)<br />
    [email* your-email] </p>

<p>Subject<br />
    [text your-subject] </p>

<p>Your Message<br />
    [textarea your-message] </p>

<p>[submit "Send"]</p>
[your-subject]
[your-name] <[your-email]>
From: [your-name] <[your-email]>
Subject: [your-subject]

Message Body:
[your-message]

--
This e-mail was sent from a contact form on Patti (http://patti.deliciousthemes.com)
deliciousthemes@gmail.com


0

[your-subject]
[your-name] <[your-email]>
Message Body:
[your-message]

--
This e-mail was sent from a contact form on Patti (http://patti.deliciousthemes.com)
[your-email]


0
Your message was sent successfully. Thanks.
Failed to send your message. Please try later or contact the administrator by another method.
Validation errors occurred. Please confirm the fields and submit it again.
Failed to send your message. Please try later or contact the administrator by another method.
Please accept the terms to proceed.
Please fill the required field.]]></content:encoded>
		<excerpt:encoded><![CDATA[]]></excerpt:encoded>
		<wp:post_id>5</wp:post_id>
		<wp:post_date>2014-03-17 18:33:54</wp:post_date>
		<wp:post_date_gmt>2014-03-17 18:33:54</wp:post_date_gmt>
		<wp:comment_status>open</wp:comment_status>
		<wp:ping_status>open</wp:ping_status>
		<wp:post_name>contact-form-1</wp:post_name>
		<wp:status>publish</wp:status>
		<wp:post_parent>0</wp:post_parent>
		<wp:menu_order>0</wp:menu_order>
		<wp:post_type>wpcf7_contact_form</wp:post_type>
		<wp:post_password></wp:post_password>
		<wp:is_sticky>0</wp:is_sticky>
		<wp:postmeta>
			<wp:meta_key>_form</wp:meta_key>
			<wp:meta_value><![CDATA[<p>Your Name (required)<br />
    [text* your-name] </p>

<p>Your Email (required)<br />
    [email* your-email] </p>

<p>Subject<br />
    [text your-subject] </p>

<p>Your Message<br />
    [textarea your-message] </p>

<p>[submit "Send"]</p>]]></wp:meta_value>
		</wp:postmeta>
		<wp:postmeta>
			<wp:meta_key>_mail</wp:meta_key>
			<wp:meta_value><![CDATA[a:7:{s:7:"subject";s:14:"[your-subject]";s:6:"sender";s:26:"[your-name] <[your-email]>";s:4:"body";s:175:"From: [your-name] <[your-email]>
Subject: [your-subject]

Message Body:
[your-message]

--
This e-mail was sent from a contact form on Patti (http://patti.deliciousthemes.com)";s:9:"recipient";s:25:"deliciousthemes@gmail.com";s:18:"additional_headers";s:0:"";s:11:"attachments";s:0:"";s:8:"use_html";i:0;}]]></wp:meta_value>
		</wp:postmeta>
		<wp:postmeta>
			<wp:meta_key>_mail_2</wp:meta_key>
			<wp:meta_value><![CDATA[a:8:{s:6:"active";b:0;s:7:"subject";s:14:"[your-subject]";s:6:"sender";s:26:"[your-name] <[your-email]>";s:4:"body";s:117:"Message Body:
[your-message]

--
This e-mail was sent from a contact form on Patti (http://patti.deliciousthemes.com)";s:9:"recipient";s:12:"[your-email]";s:18:"additional_headers";s:0:"";s:11:"attachments";s:0:"";s:8:"use_html";i:0;}]]></wp:meta_value>
		</wp:postmeta>
		<wp:postmeta>
			<wp:meta_key>_messages</wp:meta_key>
			<wp:meta_value><![CDATA[a:6:{s:12:"mail_sent_ok";s:43:"Your message was sent successfully. Thanks.";s:12:"mail_sent_ng";s:93:"Failed to send your message. Please try later or contact the administrator by another method.";s:16:"validation_error";s:74:"Validation errors occurred. Please confirm the fields and submit it again.";s:4:"spam";s:93:"Failed to send your message. Please try later or contact the administrator by another method.";s:12:"accept_terms";s:35:"Please accept the terms to proceed.";s:16:"invalid_required";s:31:"Please fill the required field.";}]]></wp:meta_value>
		</wp:postmeta>
		<wp:postmeta>
			<wp:meta_key>_additional_settings</wp:meta_key>
			<wp:meta_value><![CDATA[]]></wp:meta_value>
		</wp:postmeta>
		<wp:postmeta>
			<wp:meta_key>_locale</wp:meta_key>
			<wp:meta_value><![CDATA[en_US]]></wp:meta_value>
		</wp:postmeta>
	</item>
	<item>
				<title>Patti Contact Form</title>
		<link>http://patti.deliciousthemes.com/?post_type=wpcf7_contact_form&#038;p=69</link>
		<pubDate>Thu, 06 Mar 2014 13:30:41 +0000</pubDate>
		<dc:creator><![CDATA[admin]]></dc:creator>
		<guid isPermaLink="false">http://demo.deliciousthemes.com/patti/?post_type=wpcf7_contact_form&#038;p=69</guid>
		<description></description>
		<content:encoded><![CDATA[[dt-column size="one-half"]
[text* your-name placeholder "Name"]
[/dt-column]
[dt-column size="one-half" position="last"]
[email* your-email placeholder "Email"] 
[/dt-column]
[textarea* your-message placeholder "Message"]
[submit class:button class:black "Send"]
[your-subject]
[your-name] <[your-email]>
From: [your-name] <[your-email]>
Subject: [your-subject]

Message Body:
[your-message]

--
This e-mail was sent from a contact form on Patti (http://demo.deliciousthemes.com/patti)
deliciousthemes@gmail.com




[your-subject]
[your-name] <[your-email]>
Message Body:
[your-message]

--
This e-mail was sent from a contact form on Patti (http://demo.deliciousthemes.com/patti)
[your-email]



Your message was sent successfully. Thanks.
Failed to send your message. Please try later or contact the administrator by another method.
Validation errors occurred. Please confirm the fields and submit it again.
Failed to send your message. Please try later or contact the administrator by another method.
Please accept the terms to proceed.
Please fill the required field.
Your entered code is incorrect.
Number format seems invalid.
This number is too small.
This number is too large.
Email address seems invalid.
URL seems invalid.
Telephone number seems invalid.
Your answer is not correct.
Date format seems invalid.
This date is too early.
This date is too late.
Failed to upload file.
This file type is not allowed.
This file is too large.
Failed to upload file. Error occurred.]]></content:encoded>
		<excerpt:encoded><![CDATA[]]></excerpt:encoded>
		<wp:post_id>69</wp:post_id>
		<wp:post_date>2014-03-06 13:30:41</wp:post_date>
		<wp:post_date_gmt>2014-03-06 13:30:41</wp:post_date_gmt>
		<wp:comment_status>open</wp:comment_status>
		<wp:ping_status>open</wp:ping_status>
		<wp:post_name>contact-form-1-2</wp:post_name>
		<wp:status>publish</wp:status>
		<wp:post_parent>0</wp:post_parent>
		<wp:menu_order>0</wp:menu_order>
		<wp:post_type>wpcf7_contact_form</wp:post_type>
		<wp:post_password></wp:post_password>
		<wp:is_sticky>0</wp:is_sticky>
		<wp:postmeta>
			<wp:meta_key>_form</wp:meta_key>
			<wp:meta_value><![CDATA[[dt-column size="one-half"]
[text* your-name placeholder "Name"]
[/dt-column]
[dt-column size="one-half" position="last"]
[email* your-email placeholder "Email"] 
[/dt-column]
[textarea* your-message placeholder "Message"]
[submit class:button class:black "Send"]]]></wp:meta_value>
		</wp:postmeta>
		<wp:postmeta>
			<wp:meta_key>_mail</wp:meta_key>
			<wp:meta_value><![CDATA[a:7:{s:7:"subject";s:14:"[your-subject]";s:6:"sender";s:26:"[your-name] <[your-email]>";s:4:"body";s:180:"From: [your-name] <[your-email]>
Subject: [your-subject]

Message Body:
[your-message]

--
This e-mail was sent from a contact form on Patti (http://demo.deliciousthemes.com/patti)";s:9:"recipient";s:25:"deliciousthemes@gmail.com";s:18:"additional_headers";s:0:"";s:11:"attachments";s:0:"";s:8:"use_html";b:0;}]]></wp:meta_value>
		</wp:postmeta>
		<wp:postmeta>
			<wp:meta_key>_mail_2</wp:meta_key>
			<wp:meta_value><![CDATA[a:8:{s:6:"active";b:0;s:7:"subject";s:14:"[your-subject]";s:6:"sender";s:26:"[your-name] <[your-email]>";s:4:"body";s:122:"Message Body:
[your-message]

--
This e-mail was sent from a contact form on Patti (http://demo.deliciousthemes.com/patti)";s:9:"recipient";s:12:"[your-email]";s:18:"additional_headers";s:0:"";s:11:"attachments";s:0:"";s:8:"use_html";b:0;}]]></wp:meta_value>
		</wp:postmeta>
		<wp:postmeta>
			<wp:meta_key>_messages</wp:meta_key>
			<wp:meta_value><![CDATA[a:21:{s:12:"mail_sent_ok";s:43:"Your message was sent successfully. Thanks.";s:12:"mail_sent_ng";s:93:"Failed to send your message. Please try later or contact the administrator by another method.";s:16:"validation_error";s:74:"Validation errors occurred. Please confirm the fields and submit it again.";s:4:"spam";s:93:"Failed to send your message. Please try later or contact the administrator by another method.";s:12:"accept_terms";s:35:"Please accept the terms to proceed.";s:16:"invalid_required";s:31:"Please fill the required field.";s:17:"captcha_not_match";s:31:"Your entered code is incorrect.";s:14:"invalid_number";s:28:"Number format seems invalid.";s:16:"number_too_small";s:25:"This number is too small.";s:16:"number_too_large";s:25:"This number is too large.";s:13:"invalid_email";s:28:"Email address seems invalid.";s:11:"invalid_url";s:18:"URL seems invalid.";s:11:"invalid_tel";s:31:"Telephone number seems invalid.";s:23:"quiz_answer_not_correct";s:27:"Your answer is not correct.";s:12:"invalid_date";s:26:"Date format seems invalid.";s:14:"date_too_early";s:23:"This date is too early.";s:13:"date_too_late";s:22:"This date is too late.";s:13:"upload_failed";s:22:"Failed to upload file.";s:24:"upload_file_type_invalid";s:30:"This file type is not allowed.";s:21:"upload_file_too_large";s:23:"This file is too large.";s:23:"upload_failed_php_error";s:38:"Failed to upload file. Error occurred.";}]]></wp:meta_value>
		</wp:postmeta>
		<wp:postmeta>
			<wp:meta_key>_additional_settings</wp:meta_key>
			<wp:meta_value><![CDATA[]]></wp:meta_value>
		</wp:postmeta>
		<wp:postmeta>
			<wp:meta_key>_locale</wp:meta_key>
			<wp:meta_value><![CDATA[en_US]]></wp:meta_value>
		</wp:postmeta>
	</item>
</channel>
</rss>
