<?xml version="1.0" encoding="UTF-8" ?>
<!-- This is a WordPress eXtended RSS file generated by WordPress as an export of your site. -->
<!-- It contains information about your site's posts, pages, comments, categories, and other content. -->
<!-- You may use this file to transfer that content from one site to another. -->
<!-- This file is not intended to serve as a complete backup of your site. -->

<!-- To import this information into a WordPress site follow these steps: -->
<!-- 1. Log in to that site as an administrator. -->
<!-- 2. Go to Tools: Import in the WordPress admin panel. -->
<!-- 3. Install the "WordPress" importer from the list. -->
<!-- 4. Activate & Run Importer. -->
<!-- 5. Upload this file using the form provided on that page. -->
<!-- 6. You will first be asked to map the authors in this export file to users -->
<!--    on the site. For each author, you may choose to map to an -->
<!--    existing user on the site or to create a new user. -->
<!-- 7. WordPress will then import each of the posts, pages, comments, categories, etc. -->
<!--    contained in this file into your site. -->

<!-- generator="WordPress/3.8.1" created="2014-03-19 23:40" -->
<rss version="2.0"
	xmlns:excerpt="http://wordpress.org/export/1.2/excerpt/"
	xmlns:content="http://purl.org/rss/1.0/modules/content/"
	xmlns:wfw="http://wellformedweb.org/CommentAPI/"
	xmlns:dc="http://purl.org/dc/elements/1.1/"
	xmlns:wp="http://wordpress.org/export/1.2/"
>

<channel>
	<title>Patti</title>
	<link>http://patti.deliciousthemes.com</link>
	<description>Just another WordPress site</description>
	<pubDate>Wed, 19 Mar 2014 23:40:03 +0000</pubDate>
	<language>en-US</language>
	<wp:wxr_version>1.2</wp:wxr_version>
	<wp:base_site_url>http://patti.deliciousthemes.com</wp:base_site_url>
	<wp:base_blog_url>http://patti.deliciousthemes.com</wp:base_blog_url>

	<wp:author><wp:author_id>1</wp:author_id><wp:author_login>admin</wp:author_login><wp:author_email>deliciousthemes@gmail.com</wp:author_email><wp:author_display_name><![CDATA[admin]]></wp:author_display_name><wp:author_first_name><![CDATA[]]></wp:author_first_name><wp:author_last_name><![CDATA[]]></wp:author_last_name></wp:author>


	<generator>http://wordpress.org/?v=3.8.1</generator>

	<item>
				<title>Gibson Guitars</title>
		<link>http://patti.deliciousthemes.com/?portfolio=gibson-guitars</link>
		<pubDate>Sun, 02 Mar 2014 16:13:39 +0000</pubDate>
		<dc:creator><![CDATA[admin]]></dc:creator>
		<guid isPermaLink="false">http://demo.deliciousthemes.com/patti/?post_type=portfolio&#038;p=43</guid>
		<description></description>
		<content:encoded><![CDATA[[vc_row][vc_column width="1/1"][vc_video link="https://vimeo.com/12158329"][/vc_column][/vc_row][vc_row][vc_column width="2/3"][vc_column_text]
<h3>Project Description</h3>
[/vc_column_text][vc_row_inner][vc_column_inner width="1/2"][vc_column_text]Lorem ipsum dolor sit amet, consectetur adipisicing elit, sed do eiusmod tempor incididunt ut labore et dolore magna aliqua. <strong>Ut enim ad minim</strong> veniam, quis nostrud exercitation ullamco laboris nisi ut aliquip ex ea commodo consequat. Duis aute irure dolor in reprehenderit in voluptate velit esse cillum dolore eu fugiat nulla pariatur.[/vc_column_text][/vc_column_inner][vc_column_inner width="1/2"][vc_column_text]Sed ut perspiciatis unde omnis iste natus error sit voluptatem accusantium doloremque laudantium, totam rem aperiam, eaque ipsa quae ab illo inventore veritatis et quasi architecto beatae vitae dicta sunt explicabo. Nemo enim ipsam voluptatem quia voluptas sit aspernatur aut odit aut fugit sed quia consequuntur magni.[/vc_column_text][/vc_column_inner][/vc_row_inner][/vc_column][vc_column width="1/3"][vc_column_text]
<h3>Project Details</h3>
[/vc_column_text][dt-list icon="caret-right"]
<ul>
	<li><strong>Client:</strong> Envato</li>
	<li><strong>Tasks: </strong>Concept, Design &amp; Development</li>
	<li><strong>Website:</strong> <a href="http://www.envato.com">www.envato.com</a></li>
</ul>
[/dt-list][dt-social-block title="Share: "][/vc_column][/vc_row]]]></content:encoded>
		<excerpt:encoded><![CDATA[]]></excerpt:encoded>
		<wp:post_id>43</wp:post_id>
		<wp:post_date>2014-03-02 16:13:39</wp:post_date>
		<wp:post_date_gmt>2014-03-02 16:13:39</wp:post_date_gmt>
		<wp:comment_status>closed</wp:comment_status>
		<wp:ping_status>closed</wp:ping_status>
		<wp:post_name>gibson-guitars</wp:post_name>
		<wp:status>publish</wp:status>
		<wp:post_parent>0</wp:post_parent>
		<wp:menu_order>0</wp:menu_order>
		<wp:post_type>portfolio</wp:post_type>
		<wp:post_password></wp:post_password>
		<wp:is_sticky>0</wp:is_sticky>
		<category domain="portfolio_cats" nicename="branding"><![CDATA[Branding]]></category>
		<category domain="portfolio_cats" nicename="media"><![CDATA[Media]]></category>
		<wp:postmeta>
			<wp:meta_key>_edit_last</wp:meta_key>
			<wp:meta_value><![CDATA[1]]></wp:meta_value>
		</wp:postmeta>
		<wp:postmeta>
			<wp:meta_key>_thumbnail_id</wp:meta_key>
			<wp:meta_value><![CDATA[44]]></wp:meta_value>
		</wp:postmeta>
		<wp:postmeta>
			<wp:meta_key>_wpb_vc_js_status</wp:meta_key>
			<wp:meta_value><![CDATA[true]]></wp:meta_value>
		</wp:postmeta>
		<wp:postmeta>
			<wp:meta_key>_wpb_vc_js_interface_version</wp:meta_key>
			<wp:meta_value><![CDATA[0]]></wp:meta_value>
		</wp:postmeta>
		<wp:postmeta>
			<wp:meta_key>slide_template</wp:meta_key>
			<wp:meta_value><![CDATA[default]]></wp:meta_value>
		</wp:postmeta>
		<wp:postmeta>
			<wp:meta_key>vc_teaser</wp:meta_key>
			<wp:meta_value><![CDATA[a:2:{s:4:"data";s:115:"[{"name":"title","link":"post"},{"name":"image","image":"featured","link":"none"},{"name":"text","mode":"excerpt"}]";s:7:"bgcolor";s:0:"";}]]></wp:meta_value>
		</wp:postmeta>
		<wp:postmeta>
			<wp:meta_key>dt_page_tagline</wp:meta_key>
			<wp:meta_value><![CDATA[Nemo enim ipsam voluptatem quia voluptas sit aspernatur.]]></wp:meta_value>
		</wp:postmeta>
		<wp:postmeta>
			<wp:meta_key>dt_portf_header</wp:meta_key>
			<wp:meta_value><![CDATA[left-title]]></wp:meta_value>
		</wp:postmeta>
		<wp:postmeta>
			<wp:meta_key>dt_bg_img</wp:meta_key>
			<wp:meta_value><![CDATA[a:2:{s:2:"id";s:0:"";s:3:"url";s:0:"";}]]></wp:meta_value>
		</wp:postmeta>
		<wp:postmeta>
			<wp:meta_key>dt_bg_repeat</wp:meta_key>
			<wp:meta_value><![CDATA[repeat-y]]></wp:meta_value>
		</wp:postmeta>
		<wp:postmeta>
			<wp:meta_key>dt_bg_color</wp:meta_key>
			<wp:meta_value><![CDATA[#111111]]></wp:meta_value>
		</wp:postmeta>
		<wp:postmeta>
			<wp:meta_key>dt_bg_color_opacity</wp:meta_key>
			<wp:meta_value><![CDATA[70]]></wp:meta_value>
		</wp:postmeta>
		<wp:postmeta>
			<wp:meta_key>dt_bg_text</wp:meta_key>
			<wp:meta_value><![CDATA[light-text]]></wp:meta_value>
		</wp:postmeta>
		<wp:postmeta>
			<wp:meta_key>dt_portf_icon</wp:meta_key>
			<wp:meta_value><![CDATA[link_to_page]]></wp:meta_value>
		</wp:postmeta>
		<wp:postmeta>
			<wp:meta_key>dt_portf_thumbnail</wp:meta_key>
			<wp:meta_value><![CDATA[half-horizontal]]></wp:meta_value>
		</wp:postmeta>
		<wp:postmeta>
			<wp:meta_key>_oembed_5a4092029b51be9243beda17b663f300</wp:meta_key>
			<wp:meta_value><![CDATA[<iframe src="//player.vimeo.com/video/12158329" width="500" height="281" frameborder="0" title="It&#039;s all about pixels." webkitallowfullscreen mozallowfullscreen allowfullscreen></iframe>]]></wp:meta_value>
		</wp:postmeta>
	</item>
	<item>
				<title>Time is Nothing</title>
		<link>http://patti.deliciousthemes.com/?portfolio=time-is-nothing</link>
		<pubDate>Sun, 02 Mar 2014 16:20:41 +0000</pubDate>
		<dc:creator><![CDATA[admin]]></dc:creator>
		<guid isPermaLink="false">http://demo.deliciousthemes.com/patti/?post_type=portfolio&#038;p=45</guid>
		<description></description>
		<content:encoded><![CDATA[]]></content:encoded>
		<excerpt:encoded><![CDATA[]]></excerpt:encoded>
		<wp:post_id>45</wp:post_id>
		<wp:post_date>2014-03-02 16:20:41</wp:post_date>
		<wp:post_date_gmt>2014-03-02 16:20:41</wp:post_date_gmt>
		<wp:comment_status>closed</wp:comment_status>
		<wp:ping_status>closed</wp:ping_status>
		<wp:post_name>time-is-nothing</wp:post_name>
		<wp:status>publish</wp:status>
		<wp:post_parent>0</wp:post_parent>
		<wp:menu_order>0</wp:menu_order>
		<wp:post_type>portfolio</wp:post_type>
		<wp:post_password></wp:post_password>
		<wp:is_sticky>0</wp:is_sticky>
		<category domain="portfolio_cats" nicename="photography"><![CDATA[Photography]]></category>
		<wp:postmeta>
			<wp:meta_key>_edit_last</wp:meta_key>
			<wp:meta_value><![CDATA[1]]></wp:meta_value>
		</wp:postmeta>
		<wp:postmeta>
			<wp:meta_key>_wpb_vc_js_status</wp:meta_key>
			<wp:meta_value><![CDATA[false]]></wp:meta_value>
		</wp:postmeta>
		<wp:postmeta>
			<wp:meta_key>_wpb_vc_js_interface_version</wp:meta_key>
			<wp:meta_value><![CDATA[2]]></wp:meta_value>
		</wp:postmeta>
		<wp:postmeta>
			<wp:meta_key>_thumbnail_id</wp:meta_key>
			<wp:meta_value><![CDATA[103]]></wp:meta_value>
		</wp:postmeta>
		<wp:postmeta>
			<wp:meta_key>slide_template</wp:meta_key>
			<wp:meta_value><![CDATA[default]]></wp:meta_value>
		</wp:postmeta>
		<wp:postmeta>
			<wp:meta_key>vc_teaser</wp:meta_key>
			<wp:meta_value><![CDATA[a:2:{s:4:"data";s:115:"[{"name":"title","link":"post"},{"name":"image","image":"featured","link":"none"},{"name":"text","mode":"excerpt"}]";s:7:"bgcolor";s:0:"";}]]></wp:meta_value>
		</wp:postmeta>
		<wp:postmeta>
			<wp:meta_key>dt_portf_header</wp:meta_key>
			<wp:meta_value><![CDATA[center-title]]></wp:meta_value>
		</wp:postmeta>
		<wp:postmeta>
			<wp:meta_key>dt_bg_img</wp:meta_key>
			<wp:meta_value><![CDATA[a:2:{s:2:"id";s:0:"";s:3:"url";s:0:"";}]]></wp:meta_value>
		</wp:postmeta>
		<wp:postmeta>
			<wp:meta_key>dt_bg_repeat</wp:meta_key>
			<wp:meta_value><![CDATA[repeat-y]]></wp:meta_value>
		</wp:postmeta>
		<wp:postmeta>
			<wp:meta_key>dt_bg_color</wp:meta_key>
			<wp:meta_value><![CDATA[#111111]]></wp:meta_value>
		</wp:postmeta>
		<wp:postmeta>
			<wp:meta_key>dt_bg_color_opacity</wp:meta_key>
			<wp:meta_value><![CDATA[70]]></wp:meta_value>
		</wp:postmeta>
		<wp:postmeta>
			<wp:meta_key>dt_bg_text</wp:meta_key>
			<wp:meta_value><![CDATA[light-text]]></wp:meta_value>
		</wp:postmeta>
		<wp:postmeta>
			<wp:meta_key>dt_portf_icon</wp:meta_key>
			<wp:meta_value><![CDATA[lightbox_to_image]]></wp:meta_value>
		</wp:postmeta>
		<wp:postmeta>
			<wp:meta_key>dt_portf_thumbnail</wp:meta_key>
			<wp:meta_value><![CDATA[portfolio-small]]></wp:meta_value>
		</wp:postmeta>
	</item>
	<item>
				<title>It`s Summer Time</title>
		<link>http://patti.deliciousthemes.com/?portfolio=its-summer-time</link>
		<pubDate>Sun, 02 Mar 2014 16:24:48 +0000</pubDate>
		<dc:creator><![CDATA[admin]]></dc:creator>
		<guid isPermaLink="false">http://demo.deliciousthemes.com/patti/?post_type=portfolio&#038;p=47</guid>
		<description></description>
		<content:encoded><![CDATA[]]></content:encoded>
		<excerpt:encoded><![CDATA[]]></excerpt:encoded>
		<wp:post_id>47</wp:post_id>
		<wp:post_date>2014-03-02 16:24:48</wp:post_date>
		<wp:post_date_gmt>2014-03-02 16:24:48</wp:post_date_gmt>
		<wp:comment_status>closed</wp:comment_status>
		<wp:ping_status>closed</wp:ping_status>
		<wp:post_name>its-summer-time</wp:post_name>
		<wp:status>publish</wp:status>
		<wp:post_parent>0</wp:post_parent>
		<wp:menu_order>0</wp:menu_order>
		<wp:post_type>portfolio</wp:post_type>
		<wp:post_password></wp:post_password>
		<wp:is_sticky>0</wp:is_sticky>
		<category domain="portfolio_cats" nicename="marketing"><![CDATA[Marketing]]></category>
		<category domain="portfolio_cats" nicename="print"><![CDATA[Print]]></category>
		<wp:postmeta>
			<wp:meta_key>_edit_last</wp:meta_key>
			<wp:meta_value><![CDATA[1]]></wp:meta_value>
		</wp:postmeta>
		<wp:postmeta>
			<wp:meta_key>_thumbnail_id</wp:meta_key>
			<wp:meta_value><![CDATA[48]]></wp:meta_value>
		</wp:postmeta>
		<wp:postmeta>
			<wp:meta_key>_wpb_vc_js_status</wp:meta_key>
			<wp:meta_value><![CDATA[false]]></wp:meta_value>
		</wp:postmeta>
		<wp:postmeta>
			<wp:meta_key>_wpb_vc_js_interface_version</wp:meta_key>
			<wp:meta_value><![CDATA[2]]></wp:meta_value>
		</wp:postmeta>
		<wp:postmeta>
			<wp:meta_key>slide_template</wp:meta_key>
			<wp:meta_value><![CDATA[default]]></wp:meta_value>
		</wp:postmeta>
		<wp:postmeta>
			<wp:meta_key>vc_teaser</wp:meta_key>
			<wp:meta_value><![CDATA[a:2:{s:4:"data";s:115:"[{"name":"title","link":"post"},{"name":"image","image":"featured","link":"none"},{"name":"text","mode":"excerpt"}]";s:7:"bgcolor";s:0:"";}]]></wp:meta_value>
		</wp:postmeta>
		<wp:postmeta>
			<wp:meta_key>dt_portf_header</wp:meta_key>
			<wp:meta_value><![CDATA[parallax-title]]></wp:meta_value>
		</wp:postmeta>
		<wp:postmeta>
			<wp:meta_key>dt_bg_img</wp:meta_key>
			<wp:meta_value><![CDATA[a:2:{s:2:"id";s:2:"49";s:3:"url";s:87:"http://demo.deliciousthemes.com/patti/wp-content/uploads/2014/03/parallax-portfolio.jpg";}]]></wp:meta_value>
		</wp:postmeta>
		<wp:postmeta>
			<wp:meta_key>dt_bg_repeat</wp:meta_key>
			<wp:meta_value><![CDATA[repeat-y]]></wp:meta_value>
		</wp:postmeta>
		<wp:postmeta>
			<wp:meta_key>dt_bg_color</wp:meta_key>
			<wp:meta_value><![CDATA[#111111]]></wp:meta_value>
		</wp:postmeta>
		<wp:postmeta>
			<wp:meta_key>dt_bg_color_opacity</wp:meta_key>
			<wp:meta_value><![CDATA[70]]></wp:meta_value>
		</wp:postmeta>
		<wp:postmeta>
			<wp:meta_key>dt_bg_text</wp:meta_key>
			<wp:meta_value><![CDATA[light-text]]></wp:meta_value>
		</wp:postmeta>
		<wp:postmeta>
			<wp:meta_key>dt_portf_icon</wp:meta_key>
			<wp:meta_value><![CDATA[lightbox_to_image]]></wp:meta_value>
		</wp:postmeta>
		<wp:postmeta>
			<wp:meta_key>dt_portf_thumbnail</wp:meta_key>
			<wp:meta_value><![CDATA[half-horizontal]]></wp:meta_value>
		</wp:postmeta>
	</item>
	<item>
				<title>Focus Lab</title>
		<link>http://patti.deliciousthemes.com/?portfolio=focus-lab</link>
		<pubDate>Sun, 02 Mar 2014 16:34:05 +0000</pubDate>
		<dc:creator><![CDATA[admin]]></dc:creator>
		<guid isPermaLink="false">http://demo.deliciousthemes.com/patti/?post_type=portfolio&#038;p=50</guid>
		<description></description>
		<content:encoded><![CDATA[[vc_row][vc_column width="1/3"][vc_column_text]
<h3>Project Details</h3>
[/vc_column_text][vc_column_text]Lorem ipsum dolor sit amet, consectetur adipisicing elit, sed do eiusmod tempor incididunt ut labore et dolore magna aliqua. Duis aute irure dolor in reprehenderit in voluptate velit esse cillum dolore eu fugiat nulla pariatur.

Ut enim ad minim veniam.[/vc_column_text][dt-list icon="caret-right"]
<ul>
	<li><strong>Client:</strong> Envato</li>
	<li><strong>Tasks: </strong>Concept, Design &amp; Development</li>
	<li><strong>Website:</strong> <a href="http://www.envato.com">www.envato.com</a></li>
</ul>
[/dt-list][dt-button text="GO TO WEBSITE" color="black" style="alt" url="http://themeforest.net/user/DeliciousThemes/portfolio"][/vc_column][vc_column width="2/3"][vc_video link="https://www.youtube.com/watch?v=1iIZeIy7TqM"][/vc_column][/vc_row]]]></content:encoded>
		<excerpt:encoded><![CDATA[]]></excerpt:encoded>
		<wp:post_id>50</wp:post_id>
		<wp:post_date>2014-03-02 16:34:05</wp:post_date>
		<wp:post_date_gmt>2014-03-02 16:34:05</wp:post_date_gmt>
		<wp:comment_status>closed</wp:comment_status>
		<wp:ping_status>closed</wp:ping_status>
		<wp:post_name>focus-lab</wp:post_name>
		<wp:status>publish</wp:status>
		<wp:post_parent>0</wp:post_parent>
		<wp:menu_order>0</wp:menu_order>
		<wp:post_type>portfolio</wp:post_type>
		<wp:post_password></wp:post_password>
		<wp:is_sticky>0</wp:is_sticky>
		<category domain="portfolio_cats" nicename="branding"><![CDATA[Branding]]></category>
		<category domain="portfolio_cats" nicename="photography"><![CDATA[Photography]]></category>
		<wp:postmeta>
			<wp:meta_key>_edit_last</wp:meta_key>
			<wp:meta_value><![CDATA[1]]></wp:meta_value>
		</wp:postmeta>
		<wp:postmeta>
			<wp:meta_key>_thumbnail_id</wp:meta_key>
			<wp:meta_value><![CDATA[51]]></wp:meta_value>
		</wp:postmeta>
		<wp:postmeta>
			<wp:meta_key>_wpb_vc_js_status</wp:meta_key>
			<wp:meta_value><![CDATA[true]]></wp:meta_value>
		</wp:postmeta>
		<wp:postmeta>
			<wp:meta_key>_wpb_vc_js_interface_version</wp:meta_key>
			<wp:meta_value><![CDATA[2]]></wp:meta_value>
		</wp:postmeta>
		<wp:postmeta>
			<wp:meta_key>slide_template</wp:meta_key>
			<wp:meta_value><![CDATA[default]]></wp:meta_value>
		</wp:postmeta>
		<wp:postmeta>
			<wp:meta_key>vc_teaser</wp:meta_key>
			<wp:meta_value><![CDATA[a:2:{s:4:"data";s:115:"[{"name":"title","link":"post"},{"name":"image","image":"featured","link":"none"},{"name":"text","mode":"excerpt"}]";s:7:"bgcolor";s:0:"";}]]></wp:meta_value>
		</wp:postmeta>
		<wp:postmeta>
			<wp:meta_key>dt_page_tagline</wp:meta_key>
			<wp:meta_value><![CDATA[Nemo enim ipsam voluptatem quia voluptas sit aspernatur.]]></wp:meta_value>
		</wp:postmeta>
		<wp:postmeta>
			<wp:meta_key>dt_portf_header</wp:meta_key>
			<wp:meta_value><![CDATA[left-title]]></wp:meta_value>
		</wp:postmeta>
		<wp:postmeta>
			<wp:meta_key>dt_bg_img</wp:meta_key>
			<wp:meta_value><![CDATA[a:2:{s:2:"id";s:0:"";s:3:"url";s:0:"";}]]></wp:meta_value>
		</wp:postmeta>
		<wp:postmeta>
			<wp:meta_key>dt_bg_repeat</wp:meta_key>
			<wp:meta_value><![CDATA[repeat-y]]></wp:meta_value>
		</wp:postmeta>
		<wp:postmeta>
			<wp:meta_key>dt_bg_color</wp:meta_key>
			<wp:meta_value><![CDATA[#111111]]></wp:meta_value>
		</wp:postmeta>
		<wp:postmeta>
			<wp:meta_key>dt_bg_color_opacity</wp:meta_key>
			<wp:meta_value><![CDATA[70]]></wp:meta_value>
		</wp:postmeta>
		<wp:postmeta>
			<wp:meta_key>dt_bg_text</wp:meta_key>
			<wp:meta_value><![CDATA[light-text]]></wp:meta_value>
		</wp:postmeta>
		<wp:postmeta>
			<wp:meta_key>dt_portf_icon</wp:meta_key>
			<wp:meta_value><![CDATA[link_to_page]]></wp:meta_value>
		</wp:postmeta>
		<wp:postmeta>
			<wp:meta_key>dt_portf_thumbnail</wp:meta_key>
			<wp:meta_value><![CDATA[portfolio-small]]></wp:meta_value>
		</wp:postmeta>
		<wp:postmeta>
			<wp:meta_key>_oembed_1a7b15e0d127f8801b59278928fc3e0c</wp:meta_key>
			<wp:meta_value><![CDATA[<iframe width="500" height="281" src="http://www.youtube.com/embed/1iIZeIy7TqM?feature=oembed" frameborder="0" allowfullscreen></iframe>]]></wp:meta_value>
		</wp:postmeta>
	</item>
	<item>
				<title>Maybe One Day Fashion</title>
		<link>http://patti.deliciousthemes.com/?portfolio=maybe-one-day-fashion</link>
		<pubDate>Sun, 02 Mar 2014 16:36:28 +0000</pubDate>
		<dc:creator><![CDATA[admin]]></dc:creator>
		<guid isPermaLink="false">http://demo.deliciousthemes.com/patti/?post_type=portfolio&#038;p=52</guid>
		<description></description>
		<content:encoded><![CDATA[]]></content:encoded>
		<excerpt:encoded><![CDATA[]]></excerpt:encoded>
		<wp:post_id>52</wp:post_id>
		<wp:post_date>2014-03-02 16:36:28</wp:post_date>
		<wp:post_date_gmt>2014-03-02 16:36:28</wp:post_date_gmt>
		<wp:comment_status>closed</wp:comment_status>
		<wp:ping_status>closed</wp:ping_status>
		<wp:post_name>maybe-one-day-fashion</wp:post_name>
		<wp:status>publish</wp:status>
		<wp:post_parent>0</wp:post_parent>
		<wp:menu_order>0</wp:menu_order>
		<wp:post_type>portfolio</wp:post_type>
		<wp:post_password></wp:post_password>
		<wp:is_sticky>0</wp:is_sticky>
		<category domain="portfolio_cats" nicename="photography"><![CDATA[Photography]]></category>
		<wp:postmeta>
			<wp:meta_key>_edit_last</wp:meta_key>
			<wp:meta_value><![CDATA[1]]></wp:meta_value>
		</wp:postmeta>
		<wp:postmeta>
			<wp:meta_key>_thumbnail_id</wp:meta_key>
			<wp:meta_value><![CDATA[53]]></wp:meta_value>
		</wp:postmeta>
		<wp:postmeta>
			<wp:meta_key>_wpb_vc_js_status</wp:meta_key>
			<wp:meta_value><![CDATA[false]]></wp:meta_value>
		</wp:postmeta>
		<wp:postmeta>
			<wp:meta_key>_wpb_vc_js_interface_version</wp:meta_key>
			<wp:meta_value><![CDATA[2]]></wp:meta_value>
		</wp:postmeta>
		<wp:postmeta>
			<wp:meta_key>slide_template</wp:meta_key>
			<wp:meta_value><![CDATA[default]]></wp:meta_value>
		</wp:postmeta>
		<wp:postmeta>
			<wp:meta_key>vc_teaser</wp:meta_key>
			<wp:meta_value><![CDATA[a:2:{s:4:"data";s:115:"[{"name":"title","link":"post"},{"name":"image","image":"featured","link":"none"},{"name":"text","mode":"excerpt"}]";s:7:"bgcolor";s:0:"";}]]></wp:meta_value>
		</wp:postmeta>
		<wp:postmeta>
			<wp:meta_key>dt_portf_header</wp:meta_key>
			<wp:meta_value><![CDATA[center-title]]></wp:meta_value>
		</wp:postmeta>
		<wp:postmeta>
			<wp:meta_key>dt_bg_img</wp:meta_key>
			<wp:meta_value><![CDATA[a:2:{s:2:"id";s:0:"";s:3:"url";s:0:"";}]]></wp:meta_value>
		</wp:postmeta>
		<wp:postmeta>
			<wp:meta_key>dt_bg_repeat</wp:meta_key>
			<wp:meta_value><![CDATA[repeat-y]]></wp:meta_value>
		</wp:postmeta>
		<wp:postmeta>
			<wp:meta_key>dt_bg_color</wp:meta_key>
			<wp:meta_value><![CDATA[#111111]]></wp:meta_value>
		</wp:postmeta>
		<wp:postmeta>
			<wp:meta_key>dt_bg_color_opacity</wp:meta_key>
			<wp:meta_value><![CDATA[70]]></wp:meta_value>
		</wp:postmeta>
		<wp:postmeta>
			<wp:meta_key>dt_bg_text</wp:meta_key>
			<wp:meta_value><![CDATA[light-text]]></wp:meta_value>
		</wp:postmeta>
		<wp:postmeta>
			<wp:meta_key>dt_portf_icon</wp:meta_key>
			<wp:meta_value><![CDATA[lightbox_to_image]]></wp:meta_value>
		</wp:postmeta>
		<wp:postmeta>
			<wp:meta_key>dt_portf_thumbnail</wp:meta_key>
			<wp:meta_value><![CDATA[half-horizontal]]></wp:meta_value>
		</wp:postmeta>
	</item>
	<item>
				<title>Childhood Memories</title>
		<link>http://patti.deliciousthemes.com/?portfolio=childhood-memories</link>
		<pubDate>Sun, 02 Mar 2014 16:38:02 +0000</pubDate>
		<dc:creator><![CDATA[admin]]></dc:creator>
		<guid isPermaLink="false">http://demo.deliciousthemes.com/patti/?post_type=portfolio&#038;p=54</guid>
		<description></description>
		<content:encoded><![CDATA[]]></content:encoded>
		<excerpt:encoded><![CDATA[]]></excerpt:encoded>
		<wp:post_id>54</wp:post_id>
		<wp:post_date>2014-03-02 16:38:02</wp:post_date>
		<wp:post_date_gmt>2014-03-02 16:38:02</wp:post_date_gmt>
		<wp:comment_status>closed</wp:comment_status>
		<wp:ping_status>closed</wp:ping_status>
		<wp:post_name>childhood-memories</wp:post_name>
		<wp:status>publish</wp:status>
		<wp:post_parent>0</wp:post_parent>
		<wp:menu_order>0</wp:menu_order>
		<wp:post_type>portfolio</wp:post_type>
		<wp:post_password></wp:post_password>
		<wp:is_sticky>0</wp:is_sticky>
		<category domain="portfolio_cats" nicename="media"><![CDATA[Media]]></category>
		<category domain="portfolio_cats" nicename="print"><![CDATA[Print]]></category>
		<wp:postmeta>
			<wp:meta_key>_edit_last</wp:meta_key>
			<wp:meta_value><![CDATA[1]]></wp:meta_value>
		</wp:postmeta>
		<wp:postmeta>
			<wp:meta_key>_thumbnail_id</wp:meta_key>
			<wp:meta_value><![CDATA[55]]></wp:meta_value>
		</wp:postmeta>
		<wp:postmeta>
			<wp:meta_key>_wpb_vc_js_status</wp:meta_key>
			<wp:meta_value><![CDATA[false]]></wp:meta_value>
		</wp:postmeta>
		<wp:postmeta>
			<wp:meta_key>_wpb_vc_js_interface_version</wp:meta_key>
			<wp:meta_value><![CDATA[2]]></wp:meta_value>
		</wp:postmeta>
		<wp:postmeta>
			<wp:meta_key>dt_portf_header</wp:meta_key>
			<wp:meta_value><![CDATA[center-title]]></wp:meta_value>
		</wp:postmeta>
		<wp:postmeta>
			<wp:meta_key>dt_bg_img</wp:meta_key>
			<wp:meta_value><![CDATA[a:2:{s:2:"id";s:0:"";s:3:"url";s:0:"";}]]></wp:meta_value>
		</wp:postmeta>
		<wp:postmeta>
			<wp:meta_key>dt_bg_repeat</wp:meta_key>
			<wp:meta_value><![CDATA[repeat-y]]></wp:meta_value>
		</wp:postmeta>
		<wp:postmeta>
			<wp:meta_key>dt_bg_color</wp:meta_key>
			<wp:meta_value><![CDATA[#111111]]></wp:meta_value>
		</wp:postmeta>
		<wp:postmeta>
			<wp:meta_key>dt_bg_color_opacity</wp:meta_key>
			<wp:meta_value><![CDATA[70]]></wp:meta_value>
		</wp:postmeta>
		<wp:postmeta>
			<wp:meta_key>dt_bg_text</wp:meta_key>
			<wp:meta_value><![CDATA[light-text]]></wp:meta_value>
		</wp:postmeta>
		<wp:postmeta>
			<wp:meta_key>dt_portf_icon</wp:meta_key>
			<wp:meta_value><![CDATA[lightbox_to_image]]></wp:meta_value>
		</wp:postmeta>
		<wp:postmeta>
			<wp:meta_key>dt_portf_thumbnail</wp:meta_key>
			<wp:meta_value><![CDATA[portfolio-big]]></wp:meta_value>
		</wp:postmeta>
	</item>
	<item>
				<title>Sea Side Store</title>
		<link>http://patti.deliciousthemes.com/?portfolio=sea-side-store</link>
		<pubDate>Sun, 02 Mar 2014 16:39:28 +0000</pubDate>
		<dc:creator><![CDATA[admin]]></dc:creator>
		<guid isPermaLink="false">http://demo.deliciousthemes.com/patti/?post_type=portfolio&#038;p=56</guid>
		<description></description>
		<content:encoded><![CDATA[]]></content:encoded>
		<excerpt:encoded><![CDATA[]]></excerpt:encoded>
		<wp:post_id>56</wp:post_id>
		<wp:post_date>2014-03-02 16:39:28</wp:post_date>
		<wp:post_date_gmt>2014-03-02 16:39:28</wp:post_date_gmt>
		<wp:comment_status>closed</wp:comment_status>
		<wp:ping_status>closed</wp:ping_status>
		<wp:post_name>sea-side-store</wp:post_name>
		<wp:status>publish</wp:status>
		<wp:post_parent>0</wp:post_parent>
		<wp:menu_order>0</wp:menu_order>
		<wp:post_type>portfolio</wp:post_type>
		<wp:post_password></wp:post_password>
		<wp:is_sticky>0</wp:is_sticky>
		<category domain="portfolio_cats" nicename="marketing"><![CDATA[Marketing]]></category>
		<category domain="portfolio_cats" nicename="retail"><![CDATA[Retail]]></category>
		<wp:postmeta>
			<wp:meta_key>_edit_last</wp:meta_key>
			<wp:meta_value><![CDATA[1]]></wp:meta_value>
		</wp:postmeta>
		<wp:postmeta>
			<wp:meta_key>_thumbnail_id</wp:meta_key>
			<wp:meta_value><![CDATA[57]]></wp:meta_value>
		</wp:postmeta>
		<wp:postmeta>
			<wp:meta_key>_wpb_vc_js_status</wp:meta_key>
			<wp:meta_value><![CDATA[false]]></wp:meta_value>
		</wp:postmeta>
		<wp:postmeta>
			<wp:meta_key>_wpb_vc_js_interface_version</wp:meta_key>
			<wp:meta_value><![CDATA[2]]></wp:meta_value>
		</wp:postmeta>
		<wp:postmeta>
			<wp:meta_key>slide_template</wp:meta_key>
			<wp:meta_value><![CDATA[default]]></wp:meta_value>
		</wp:postmeta>
		<wp:postmeta>
			<wp:meta_key>vc_teaser</wp:meta_key>
			<wp:meta_value><![CDATA[a:2:{s:4:"data";s:115:"[{"name":"title","link":"post"},{"name":"image","image":"featured","link":"none"},{"name":"text","mode":"excerpt"}]";s:7:"bgcolor";s:0:"";}]]></wp:meta_value>
		</wp:postmeta>
		<wp:postmeta>
			<wp:meta_key>dt_portf_header</wp:meta_key>
			<wp:meta_value><![CDATA[center-title]]></wp:meta_value>
		</wp:postmeta>
		<wp:postmeta>
			<wp:meta_key>dt_bg_img</wp:meta_key>
			<wp:meta_value><![CDATA[a:2:{s:2:"id";s:0:"";s:3:"url";s:0:"";}]]></wp:meta_value>
		</wp:postmeta>
		<wp:postmeta>
			<wp:meta_key>dt_bg_repeat</wp:meta_key>
			<wp:meta_value><![CDATA[repeat-y]]></wp:meta_value>
		</wp:postmeta>
		<wp:postmeta>
			<wp:meta_key>dt_bg_color</wp:meta_key>
			<wp:meta_value><![CDATA[#111111]]></wp:meta_value>
		</wp:postmeta>
		<wp:postmeta>
			<wp:meta_key>dt_bg_color_opacity</wp:meta_key>
			<wp:meta_value><![CDATA[70]]></wp:meta_value>
		</wp:postmeta>
		<wp:postmeta>
			<wp:meta_key>dt_bg_text</wp:meta_key>
			<wp:meta_value><![CDATA[light-text]]></wp:meta_value>
		</wp:postmeta>
		<wp:postmeta>
			<wp:meta_key>dt_portf_icon</wp:meta_key>
			<wp:meta_value><![CDATA[lightbox_to_image]]></wp:meta_value>
		</wp:postmeta>
		<wp:postmeta>
			<wp:meta_key>dt_portf_thumbnail</wp:meta_key>
			<wp:meta_value><![CDATA[half-vertical]]></wp:meta_value>
		</wp:postmeta>
	</item>
	<item>
				<title>Nex7 Workspace</title>
		<link>http://patti.deliciousthemes.com/?portfolio=nex7-workspace</link>
		<pubDate>Sun, 02 Mar 2014 16:40:33 +0000</pubDate>
		<dc:creator><![CDATA[admin]]></dc:creator>
		<guid isPermaLink="false">http://demo.deliciousthemes.com/patti/?post_type=portfolio&#038;p=58</guid>
		<description></description>
		<content:encoded><![CDATA[[vc_row][vc_column width="2/3"][dt-portfolio-slider images="128,129" thumb_size="full"][/vc_column][vc_column width="1/3"][vc_column_text]
<h3>Project Details</h3>
[/vc_column_text][vc_column_text]Lorem ipsum dolor sit amet, consectetur adipisicing elit, sed do eiusmod tempor incididunt ut labore et dolore magna aliqua. Duis aute irure dolor in reprehenderit in voluptate velit esse cillum dolore eu fugiat nulla pariatur.

Ut enim ad minim veniam, quis nostrud exercitation ullamco laboris nisi ut aliquip ex ea commodo consequat.[/vc_column_text][dt-list icon="caret-right"]
<ul>
	<li><strong>Client:</strong> Envato</li>
	<li><strong>Tasks: </strong>Concept, Design &amp; Development</li>
	<li><strong>Website:</strong> <a href="http://www.envato.com">www.envato.com</a></li>
</ul>
[/dt-list][dt-button text="GO TO WEBSITE" color="black" style="alt" url="http://themeforest.net/user/DeliciousThemes/portfolio"][/vc_column][/vc_row]]]></content:encoded>
		<excerpt:encoded><![CDATA[]]></excerpt:encoded>
		<wp:post_id>58</wp:post_id>
		<wp:post_date>2014-03-02 16:40:33</wp:post_date>
		<wp:post_date_gmt>2014-03-02 16:40:33</wp:post_date_gmt>
		<wp:comment_status>closed</wp:comment_status>
		<wp:ping_status>closed</wp:ping_status>
		<wp:post_name>nex7-workspace</wp:post_name>
		<wp:status>publish</wp:status>
		<wp:post_parent>0</wp:post_parent>
		<wp:menu_order>0</wp:menu_order>
		<wp:post_type>portfolio</wp:post_type>
		<wp:post_password></wp:post_password>
		<wp:is_sticky>0</wp:is_sticky>
		<category domain="portfolio_cats" nicename="tech"><![CDATA[Tech]]></category>
		<category domain="portfolio_cats" nicename="web-design"><![CDATA[Web Design]]></category>
		<wp:postmeta>
			<wp:meta_key>_edit_last</wp:meta_key>
			<wp:meta_value><![CDATA[1]]></wp:meta_value>
		</wp:postmeta>
		<wp:postmeta>
			<wp:meta_key>_thumbnail_id</wp:meta_key>
			<wp:meta_value><![CDATA[59]]></wp:meta_value>
		</wp:postmeta>
		<wp:postmeta>
			<wp:meta_key>_wpb_vc_js_status</wp:meta_key>
			<wp:meta_value><![CDATA[true]]></wp:meta_value>
		</wp:postmeta>
		<wp:postmeta>
			<wp:meta_key>_wpb_vc_js_interface_version</wp:meta_key>
			<wp:meta_value><![CDATA[2]]></wp:meta_value>
		</wp:postmeta>
		<wp:postmeta>
			<wp:meta_key>slide_template</wp:meta_key>
			<wp:meta_value><![CDATA[default]]></wp:meta_value>
		</wp:postmeta>
		<wp:postmeta>
			<wp:meta_key>vc_teaser</wp:meta_key>
			<wp:meta_value><![CDATA[a:2:{s:4:"data";s:115:"[{"name":"title","link":"post"},{"name":"image","image":"featured","link":"none"},{"name":"text","mode":"excerpt"}]";s:7:"bgcolor";s:0:"";}]]></wp:meta_value>
		</wp:postmeta>
		<wp:postmeta>
			<wp:meta_key>dt_page_tagline</wp:meta_key>
			<wp:meta_value><![CDATA[Nemo enim ipsam voluptatem quia voluptas sit aspernatur.]]></wp:meta_value>
		</wp:postmeta>
		<wp:postmeta>
			<wp:meta_key>dt_portf_header</wp:meta_key>
			<wp:meta_value><![CDATA[left-title]]></wp:meta_value>
		</wp:postmeta>
		<wp:postmeta>
			<wp:meta_key>dt_bg_img</wp:meta_key>
			<wp:meta_value><![CDATA[a:2:{s:2:"id";s:0:"";s:3:"url";s:0:"";}]]></wp:meta_value>
		</wp:postmeta>
		<wp:postmeta>
			<wp:meta_key>dt_bg_repeat</wp:meta_key>
			<wp:meta_value><![CDATA[repeat-y]]></wp:meta_value>
		</wp:postmeta>
		<wp:postmeta>
			<wp:meta_key>dt_bg_color</wp:meta_key>
			<wp:meta_value><![CDATA[#111111]]></wp:meta_value>
		</wp:postmeta>
		<wp:postmeta>
			<wp:meta_key>dt_bg_color_opacity</wp:meta_key>
			<wp:meta_value><![CDATA[70]]></wp:meta_value>
		</wp:postmeta>
		<wp:postmeta>
			<wp:meta_key>dt_bg_text</wp:meta_key>
			<wp:meta_value><![CDATA[light-text]]></wp:meta_value>
		</wp:postmeta>
		<wp:postmeta>
			<wp:meta_key>dt_portf_icon</wp:meta_key>
			<wp:meta_value><![CDATA[link_to_page]]></wp:meta_value>
		</wp:postmeta>
		<wp:postmeta>
			<wp:meta_key>dt_portf_thumbnail</wp:meta_key>
			<wp:meta_value><![CDATA[portfolio-big]]></wp:meta_value>
		</wp:postmeta>
	</item>
	<item>
				<title>Outdoor Photoshoot</title>
		<link>http://patti.deliciousthemes.com/?portfolio=outdoor-photoshoot</link>
		<pubDate>Sun, 02 Mar 2014 16:41:28 +0000</pubDate>
		<dc:creator><![CDATA[admin]]></dc:creator>
		<guid isPermaLink="false">http://demo.deliciousthemes.com/patti/?post_type=portfolio&#038;p=60</guid>
		<description></description>
		<content:encoded><![CDATA[[vc_row][vc_column width="1/6"][/vc_column][vc_column width="2/3"][dt-space height="100"][vc_row_inner][vc_column_inner width="1/1"][vc_column_text]
<p style="text-align: center;">At vero eos et accusamus et iusto odio dignissimos ducimus qui blanditiis praesentium voluptatum deleniti atque corrupti quos dolores et quas molestias excepturi sint occaecati cupiditate non provident, similique sunt in culpa qui officia deserunt mollitia animi, id est laborum et dolorum fuga.</p>
[/vc_column_text][dt-space height="100"][/vc_column_inner][/vc_row_inner][/vc_column][vc_column width="1/6"][/vc_column][/vc_row][vc_row][vc_column width="1/1"][vc_single_image image="128" alignment="center" border_color="grey" img_link_target="_self" img_size="full"][vc_single_image image="129" alignment="center" border_color="grey" img_link_target="_self" img_size="full"][/vc_column][/vc_row]]]></content:encoded>
		<excerpt:encoded><![CDATA[]]></excerpt:encoded>
		<wp:post_id>60</wp:post_id>
		<wp:post_date>2014-03-02 16:41:28</wp:post_date>
		<wp:post_date_gmt>2014-03-02 16:41:28</wp:post_date_gmt>
		<wp:comment_status>closed</wp:comment_status>
		<wp:ping_status>closed</wp:ping_status>
		<wp:post_name>outdoor-photoshoot</wp:post_name>
		<wp:status>publish</wp:status>
		<wp:post_parent>0</wp:post_parent>
		<wp:menu_order>0</wp:menu_order>
		<wp:post_type>portfolio</wp:post_type>
		<wp:post_password></wp:post_password>
		<wp:is_sticky>0</wp:is_sticky>
		<category domain="portfolio_cats" nicename="media"><![CDATA[Media]]></category>
		<category domain="portfolio_cats" nicename="photography"><![CDATA[Photography]]></category>
		<wp:postmeta>
			<wp:meta_key>_edit_last</wp:meta_key>
			<wp:meta_value><![CDATA[1]]></wp:meta_value>
		</wp:postmeta>
		<wp:postmeta>
			<wp:meta_key>_thumbnail_id</wp:meta_key>
			<wp:meta_value><![CDATA[61]]></wp:meta_value>
		</wp:postmeta>
		<wp:postmeta>
			<wp:meta_key>_wpb_vc_js_status</wp:meta_key>
			<wp:meta_value><![CDATA[true]]></wp:meta_value>
		</wp:postmeta>
		<wp:postmeta>
			<wp:meta_key>_wpb_vc_js_interface_version</wp:meta_key>
			<wp:meta_value><![CDATA[2]]></wp:meta_value>
		</wp:postmeta>
		<wp:postmeta>
			<wp:meta_key>slide_template</wp:meta_key>
			<wp:meta_value><![CDATA[default]]></wp:meta_value>
		</wp:postmeta>
		<wp:postmeta>
			<wp:meta_key>vc_teaser</wp:meta_key>
			<wp:meta_value><![CDATA[a:2:{s:4:"data";s:115:"[{"name":"title","link":"post"},{"name":"image","image":"featured","link":"none"},{"name":"text","mode":"excerpt"}]";s:7:"bgcolor";s:0:"";}]]></wp:meta_value>
		</wp:postmeta>
		<wp:postmeta>
			<wp:meta_key>dt_page_tagline</wp:meta_key>
			<wp:meta_value><![CDATA[You can put your project title into a parallax section.]]></wp:meta_value>
		</wp:postmeta>
		<wp:postmeta>
			<wp:meta_key>dt_portf_header</wp:meta_key>
			<wp:meta_value><![CDATA[parallax-title]]></wp:meta_value>
		</wp:postmeta>
		<wp:postmeta>
			<wp:meta_key>dt_bg_img</wp:meta_key>
			<wp:meta_value><![CDATA[a:2:{s:2:"id";s:2:"49";s:3:"url";s:87:"http://demo.deliciousthemes.com/patti/wp-content/uploads/2014/03/parallax-portfolio.jpg";}]]></wp:meta_value>
		</wp:postmeta>
		<wp:postmeta>
			<wp:meta_key>dt_bg_repeat</wp:meta_key>
			<wp:meta_value><![CDATA[repeat-y]]></wp:meta_value>
		</wp:postmeta>
		<wp:postmeta>
			<wp:meta_key>dt_bg_color</wp:meta_key>
			<wp:meta_value><![CDATA[#111111]]></wp:meta_value>
		</wp:postmeta>
		<wp:postmeta>
			<wp:meta_key>dt_bg_color_opacity</wp:meta_key>
			<wp:meta_value><![CDATA[70]]></wp:meta_value>
		</wp:postmeta>
		<wp:postmeta>
			<wp:meta_key>dt_bg_text</wp:meta_key>
			<wp:meta_value><![CDATA[light-text]]></wp:meta_value>
		</wp:postmeta>
		<wp:postmeta>
			<wp:meta_key>dt_portf_icon</wp:meta_key>
			<wp:meta_value><![CDATA[link_to_page]]></wp:meta_value>
		</wp:postmeta>
		<wp:postmeta>
			<wp:meta_key>dt_portf_thumbnail</wp:meta_key>
			<wp:meta_value><![CDATA[portfolio-small]]></wp:meta_value>
		</wp:postmeta>
	</item>
	<item>
				<title>L.A.P.D. 1947</title>
		<link>http://patti.deliciousthemes.com/?portfolio=l-a-p-d-1947</link>
		<pubDate>Sun, 02 Mar 2014 16:42:18 +0000</pubDate>
		<dc:creator><![CDATA[admin]]></dc:creator>
		<guid isPermaLink="false">http://demo.deliciousthemes.com/patti/?post_type=portfolio&#038;p=62</guid>
		<description></description>
		<content:encoded><![CDATA[[vc_row][vc_column width="2/3"][vc_column_text]
<h3>Project Description</h3>
[/vc_column_text][vc_row_inner][vc_column_inner width="1/2"][vc_column_text]Lorem ipsum dolor sit amet, consectetur adipisicing elit, sed do eiusmod tempor incididunt ut labore et dolore magna aliqua. <strong>Ut enim ad minim</strong> veniam, quis nostrud exercitation ullamco laboris nisi ut aliquip ex ea commodo consequat. Duis aute irure dolor in reprehenderit in voluptate velit esse cillum dolore eu fugiat nulla pariatur.[/vc_column_text][/vc_column_inner][vc_column_inner width="1/2"][vc_column_text]Sed ut perspiciatis unde omnis iste natus error sit voluptatem accusantium doloremque laudantium, totam rem aperiam, eaque ipsa quae ab illo inventore veritatis et quasi architecto beatae vitae dicta sunt explicabo. Nemo enim ipsam voluptatem quia voluptas sit aspernatur aut odit aut fugit sed quia consequuntur magni.[/vc_column_text][/vc_column_inner][/vc_row_inner][/vc_column][vc_column width="1/3"][vc_column_text]
<h3>Project Details</h3>
[/vc_column_text][dt-list icon="caret-right"]
<ul>
	<li><strong>Client:</strong> Envato</li>
	<li><strong>Tasks: </strong>Concept, Design &amp; Development</li>
	<li><strong>Website:</strong> <a href="http://www.envato.com">www.envato.com</a></li>
</ul>
[/dt-list][dt-social-block title="Share: "][/vc_column][/vc_row][vc_row][vc_column width="1/1"][dt-space height="60"][vc_single_image image="128" alignment="center" border_color="grey" img_link_target="_self" img_size="full"][vc_single_image image="129" alignment="center" border_color="grey" img_link_target="_self" img_size="full"][/vc_column][/vc_row]]]></content:encoded>
		<excerpt:encoded><![CDATA[]]></excerpt:encoded>
		<wp:post_id>62</wp:post_id>
		<wp:post_date>2014-03-02 16:42:18</wp:post_date>
		<wp:post_date_gmt>2014-03-02 16:42:18</wp:post_date_gmt>
		<wp:comment_status>closed</wp:comment_status>
		<wp:ping_status>closed</wp:ping_status>
		<wp:post_name>l-a-p-d-1947</wp:post_name>
		<wp:status>publish</wp:status>
		<wp:post_parent>0</wp:post_parent>
		<wp:menu_order>0</wp:menu_order>
		<wp:post_type>portfolio</wp:post_type>
		<wp:post_password></wp:post_password>
		<wp:is_sticky>0</wp:is_sticky>
		<category domain="portfolio_cats" nicename="photography"><![CDATA[Photography]]></category>
		<category domain="portfolio_cats" nicename="print"><![CDATA[Print]]></category>
		<wp:postmeta>
			<wp:meta_key>_edit_last</wp:meta_key>
			<wp:meta_value><![CDATA[1]]></wp:meta_value>
		</wp:postmeta>
		<wp:postmeta>
			<wp:meta_key>_wpb_vc_js_status</wp:meta_key>
			<wp:meta_value><![CDATA[true]]></wp:meta_value>
		</wp:postmeta>
		<wp:postmeta>
			<wp:meta_key>_wpb_vc_js_interface_version</wp:meta_key>
			<wp:meta_value><![CDATA[2]]></wp:meta_value>
		</wp:postmeta>
		<wp:postmeta>
			<wp:meta_key>_thumbnail_id</wp:meta_key>
			<wp:meta_value><![CDATA[100]]></wp:meta_value>
		</wp:postmeta>
		<wp:postmeta>
			<wp:meta_key>slide_template</wp:meta_key>
			<wp:meta_value><![CDATA[default]]></wp:meta_value>
		</wp:postmeta>
		<wp:postmeta>
			<wp:meta_key>vc_teaser</wp:meta_key>
			<wp:meta_value><![CDATA[a:2:{s:4:"data";s:115:"[{"name":"title","link":"post"},{"name":"image","image":"featured","link":"none"},{"name":"text","mode":"excerpt"}]";s:7:"bgcolor";s:0:"";}]]></wp:meta_value>
		</wp:postmeta>
		<wp:postmeta>
			<wp:meta_key>dt_page_tagline</wp:meta_key>
			<wp:meta_value><![CDATA[Nemo enim ipsam voluptatem quia voluptas sit aspernatur.]]></wp:meta_value>
		</wp:postmeta>
		<wp:postmeta>
			<wp:meta_key>dt_portf_header</wp:meta_key>
			<wp:meta_value><![CDATA[center-title]]></wp:meta_value>
		</wp:postmeta>
		<wp:postmeta>
			<wp:meta_key>dt_bg_img</wp:meta_key>
			<wp:meta_value><![CDATA[a:2:{s:2:"id";s:0:"";s:3:"url";s:0:"";}]]></wp:meta_value>
		</wp:postmeta>
		<wp:postmeta>
			<wp:meta_key>dt_bg_repeat</wp:meta_key>
			<wp:meta_value><![CDATA[repeat-y]]></wp:meta_value>
		</wp:postmeta>
		<wp:postmeta>
			<wp:meta_key>dt_bg_color</wp:meta_key>
			<wp:meta_value><![CDATA[#111111]]></wp:meta_value>
		</wp:postmeta>
		<wp:postmeta>
			<wp:meta_key>dt_bg_color_opacity</wp:meta_key>
			<wp:meta_value><![CDATA[70]]></wp:meta_value>
		</wp:postmeta>
		<wp:postmeta>
			<wp:meta_key>dt_bg_text</wp:meta_key>
			<wp:meta_value><![CDATA[light-text]]></wp:meta_value>
		</wp:postmeta>
		<wp:postmeta>
			<wp:meta_key>dt_portf_icon</wp:meta_key>
			<wp:meta_value><![CDATA[link_to_page]]></wp:meta_value>
		</wp:postmeta>
		<wp:postmeta>
			<wp:meta_key>dt_portf_thumbnail</wp:meta_key>
			<wp:meta_value><![CDATA[portfolio-small]]></wp:meta_value>
		</wp:postmeta>
	</item>
</channel>
</rss>
