<?xml version="1.0" encoding="UTF-8" ?>
<!-- This is a WordPress eXtended RSS file generated by WordPress as an export of your site. -->
<!-- It contains information about your site's posts, pages, comments, categories, and other content. -->
<!-- You may use this file to transfer that content from one site to another. -->
<!-- This file is not intended to serve as a complete backup of your site. -->

<!-- To import this information into a WordPress site follow these steps: -->
<!-- 1. Log in to that site as an administrator. -->
<!-- 2. Go to Tools: Import in the WordPress admin panel. -->
<!-- 3. Install the "WordPress" importer from the list. -->
<!-- 4. Activate & Run Importer. -->
<!-- 5. Upload this file using the form provided on that page. -->
<!-- 6. You will first be asked to map the authors in this export file to users -->
<!--    on the site. For each author, you may choose to map to an -->
<!--    existing user on the site or to create a new user. -->
<!-- 7. WordPress will then import each of the posts, pages, comments, categories, etc. -->
<!--    contained in this file into your site. -->

<!-- generator="WordPress/3.8.1" created="2014-03-19 23:38" -->
<rss version="2.0"
	xmlns:excerpt="http://wordpress.org/export/1.2/excerpt/"
	xmlns:content="http://purl.org/rss/1.0/modules/content/"
	xmlns:wfw="http://wellformedweb.org/CommentAPI/"
	xmlns:dc="http://purl.org/dc/elements/1.1/"
	xmlns:wp="http://wordpress.org/export/1.2/"
>

<channel>
	<title>Patti</title>
	<link>http://patti.deliciousthemes.com</link>
	<description>Just another WordPress site</description>
	<pubDate>Wed, 19 Mar 2014 23:38:03 +0000</pubDate>
	<language>en-US</language>
	<wp:wxr_version>1.2</wp:wxr_version>
	<wp:base_site_url>http://patti.deliciousthemes.com</wp:base_site_url>
	<wp:base_blog_url>http://patti.deliciousthemes.com</wp:base_blog_url>

	<wp:author><wp:author_id>1</wp:author_id><wp:author_login>admin</wp:author_login><wp:author_email>deliciousthemes@gmail.com</wp:author_email><wp:author_display_name><![CDATA[admin]]></wp:author_display_name><wp:author_first_name><![CDATA[]]></wp:author_first_name><wp:author_last_name><![CDATA[]]></wp:author_last_name></wp:author>


	<generator>http://wordpress.org/?v=3.8.1</generator>

	<item>
				<title>Audio Post</title>
		<link>http://patti.deliciousthemes.com/?p=4</link>
		<pubDate>Sat, 01 Mar 2014 13:58:43 +0000</pubDate>
		<dc:creator><![CDATA[admin]]></dc:creator>
		<guid isPermaLink="false">http://demo.deliciousthemes.com/patti/?p=4</guid>
		<description></description>
		<content:encoded><![CDATA[Nullam adipiscing sapien ut mi elementum sit amet dictum magna luctus. Donec id ligula ut tellus ultricies ornare quis vel nunc lorem ipsum dolor sit amet.

<!--more-->

At vero eos et accusamus et iusto odio dignissimos ducimus qui blanditiis praesentium voluptatum deleniti atque corrupti quos dolores et quas molestias excepturi sint occaecati cupiditate non provident, similique sunt in culpa qui officia deserunt mollitia animi, id est laborum et dolorum fuga. Et harum quidem rerum facilis est et expedita distinctio. Nam libero tempore, cum soluta nobis est eligendi optio cumque nihil impedit quo minus id quod maxime placeat facere]]></content:encoded>
		<excerpt:encoded><![CDATA[]]></excerpt:encoded>
		<wp:post_id>4</wp:post_id>
		<wp:post_date>2014-03-01 13:58:43</wp:post_date>
		<wp:post_date_gmt>2014-03-01 13:58:43</wp:post_date_gmt>
		<wp:comment_status>open</wp:comment_status>
		<wp:ping_status>open</wp:ping_status>
		<wp:post_name>audio-post</wp:post_name>
		<wp:status>publish</wp:status>
		<wp:post_parent>0</wp:post_parent>
		<wp:menu_order>0</wp:menu_order>
		<wp:post_type>post</wp:post_type>
		<wp:post_password></wp:post_password>
		<wp:is_sticky>0</wp:is_sticky>
		<category domain="post_format" nicename="post-format-audio"><![CDATA[Audio]]></category>
		<category domain="post_tag" nicename="audio-track"><![CDATA[audio track]]></category>
		<category domain="category" nicename="media"><![CDATA[Media]]></category>
		<category domain="post_tag" nicename="symphony"><![CDATA[symphony]]></category>
		<wp:postmeta>
			<wp:meta_key>_edit_last</wp:meta_key>
			<wp:meta_value><![CDATA[1]]></wp:meta_value>
		</wp:postmeta>
	</item>
	<item>
				<title>Role of Size in Logo Design</title>
		<link>http://patti.deliciousthemes.com/?p=9</link>
		<pubDate>Sat, 01 Mar 2014 14:08:18 +0000</pubDate>
		<dc:creator><![CDATA[admin]]></dc:creator>
		<guid isPermaLink="false">http://demo.deliciousthemes.com/patti/?p=9</guid>
		<description></description>
		<content:encoded><![CDATA[Lorem Ipsum is simply dummy text of the printing and typesetting industry.

<!--more-->

Contrary to popular belief, Lorem Ipsum is not simply random text. It has roots in a piece of classical Latin literature from 45 BC, making it over 2000 years old. Richard McClintock, a Latin professor at Hampden-Sydney College in Virginia, looked up one of the more obscure Latin words, consectetur, from a Lorem Ipsum passage, and going through the cites of the word in classical literature, discovered the undoubtable source.]]></content:encoded>
		<excerpt:encoded><![CDATA[]]></excerpt:encoded>
		<wp:post_id>9</wp:post_id>
		<wp:post_date>2014-03-01 14:08:18</wp:post_date>
		<wp:post_date_gmt>2014-03-01 14:08:18</wp:post_date_gmt>
		<wp:comment_status>open</wp:comment_status>
		<wp:ping_status>open</wp:ping_status>
		<wp:post_name>role-of-size-in-logo-design</wp:post_name>
		<wp:status>publish</wp:status>
		<wp:post_parent>0</wp:post_parent>
		<wp:menu_order>0</wp:menu_order>
		<wp:post_type>post</wp:post_type>
		<wp:post_password></wp:post_password>
		<wp:is_sticky>0</wp:is_sticky>
		<category domain="category" nicename="advertising"><![CDATA[Advertising]]></category>
		<category domain="post_tag" nicename="envato"><![CDATA[envato]]></category>
		<category domain="post_tag" nicename="logo-design"><![CDATA[logo design]]></category>
		<category domain="category" nicename="media"><![CDATA[Media]]></category>
		<wp:postmeta>
			<wp:meta_key>_edit_last</wp:meta_key>
			<wp:meta_value><![CDATA[1]]></wp:meta_value>
		</wp:postmeta>
		<wp:postmeta>
			<wp:meta_key>_thumbnail_id</wp:meta_key>
			<wp:meta_value><![CDATA[17]]></wp:meta_value>
		</wp:postmeta>
		<wp:postmeta>
			<wp:meta_key>slide_template</wp:meta_key>
			<wp:meta_value><![CDATA[default]]></wp:meta_value>
		</wp:postmeta>
		<wp:postmeta>
			<wp:meta_key>dt_standard_select</wp:meta_key>
			<wp:meta_value><![CDATA[selectkey1]]></wp:meta_value>
		</wp:postmeta>
		<wp:postmeta>
			<wp:meta_key>dt_link_radio</wp:meta_key>
			<wp:meta_value><![CDATA[blank]]></wp:meta_value>
		</wp:postmeta>
	</item>
	<item>
				<title>How Videos Can Help Promote Your Business</title>
		<link>http://patti.deliciousthemes.com/?p=11</link>
		<pubDate>Sat, 01 Mar 2014 14:09:55 +0000</pubDate>
		<dc:creator><![CDATA[admin]]></dc:creator>
		<guid isPermaLink="false">http://demo.deliciousthemes.com/patti/?p=11</guid>
		<description></description>
		<content:encoded><![CDATA[Donec id ligula ut tellus ultricies ornare quis vel nunc. In id purus vel magna porta laoreet at a dolor. Aliquam aliquam mollis feugiat.

<!--more-->

Etiam pellentesque, magna eget lobortis placerat, leo leo consequat ante, non iaculis turpis augue ac ligula. Nunc blandit tincidunt consequat. Duis diam metus, suscipit in pulvinar eget, egestas id arcu. Duis a enim vel mauris ultrices. Nullam aliquet velit ac velit tempus in semper neque auctor. Aenean ligula mi, auctor sed tempus ultrices, semper tempus diam.]]></content:encoded>
		<excerpt:encoded><![CDATA[]]></excerpt:encoded>
		<wp:post_id>11</wp:post_id>
		<wp:post_date>2014-03-01 14:09:55</wp:post_date>
		<wp:post_date_gmt>2014-03-01 14:09:55</wp:post_date_gmt>
		<wp:comment_status>open</wp:comment_status>
		<wp:ping_status>open</wp:ping_status>
		<wp:post_name>how-videos-can-help-promote-your-business</wp:post_name>
		<wp:status>publish</wp:status>
		<wp:post_parent>0</wp:post_parent>
		<wp:menu_order>0</wp:menu_order>
		<wp:post_type>post</wp:post_type>
		<wp:post_password></wp:post_password>
		<wp:is_sticky>0</wp:is_sticky>
		<category domain="post_tag" nicename="embeds"><![CDATA[embeds]]></category>
		<category domain="post_tag" nicename="envato"><![CDATA[envato]]></category>
		<category domain="category" nicename="marketing"><![CDATA[Marketing]]></category>
		<category domain="category" nicename="media"><![CDATA[Media]]></category>
		<category domain="post_tag" nicename="vimeo"><![CDATA[vimeo]]></category>
		<wp:postmeta>
			<wp:meta_key>_edit_last</wp:meta_key>
			<wp:meta_value><![CDATA[1]]></wp:meta_value>
		</wp:postmeta>
		<wp:postmeta>
			<wp:meta_key>_thumbnail_id</wp:meta_key>
			<wp:meta_value><![CDATA[18]]></wp:meta_value>
		</wp:postmeta>
		<wp:postmeta>
			<wp:meta_key>slide_template</wp:meta_key>
			<wp:meta_value><![CDATA[default]]></wp:meta_value>
		</wp:postmeta>
		<wp:postmeta>
			<wp:meta_key>dt_standard_select</wp:meta_key>
			<wp:meta_value><![CDATA[selectkey1]]></wp:meta_value>
		</wp:postmeta>
		<wp:postmeta>
			<wp:meta_key>dt_link_radio</wp:meta_key>
			<wp:meta_value><![CDATA[blank]]></wp:meta_value>
		</wp:postmeta>
	</item>
	<item>
				<title>Case Study: Envato Website Redesign</title>
		<link>http://patti.deliciousthemes.com/?p=13</link>
		<pubDate>Sat, 01 Mar 2014 14:14:14 +0000</pubDate>
		<dc:creator><![CDATA[admin]]></dc:creator>
		<guid isPermaLink="false">http://demo.deliciousthemes.com/patti/?p=13</guid>
		<description></description>
		<content:encoded><![CDATA[Nunc blandit tincidunt consequat. Duis diam metus, suscipit in pulvinar eget, egestas id arcu. Duis a enim vel mauris ultrices. Nullam aliquet velit ac velit tempus in semper neque auctor.

<!--more-->

Sed ut <strong>perspiciatis unde omnis</strong> iste natus error sit voluptatem accusantium doloremque laudantium, totam rem aperiam, eaque ipsa quae ab illo inventore veritatis et quasi architecto beatae vitae dicta sunt explicabo. Nemo enim ipsam voluptatem quia voluptas sit aspernatur aut odit aut fugit, sed quia consequuntur magni dolores eos qui ratione voluptatem sequi nesciunt.

Neque porro quisquam est, qui dolorem ipsum quia dolor sit amet, consectetur, adipisci velit, sed quia non numquam eius modi tempora incidunt ut labore et dolore magnam aliquam quaerat voluptatem. Ut enim ad minima veniam, quis nostrum exercitationem ullam corporis suscipit laboriosam, <em>nisi ut aliquid</em> ex ea commodi consequatur? Quis autem vel eum iure reprehenderit qui in ea voluptate velit esse quam nihil molestiae consequatur, vel illum qui dolorem eum fugiat quo voluptas nulla pariatur?]]></content:encoded>
		<excerpt:encoded><![CDATA[]]></excerpt:encoded>
		<wp:post_id>13</wp:post_id>
		<wp:post_date>2014-03-01 14:14:14</wp:post_date>
		<wp:post_date_gmt>2014-03-01 14:14:14</wp:post_date_gmt>
		<wp:comment_status>open</wp:comment_status>
		<wp:ping_status>open</wp:ping_status>
		<wp:post_name>case-study-envato-website-redesign</wp:post_name>
		<wp:status>publish</wp:status>
		<wp:post_parent>0</wp:post_parent>
		<wp:menu_order>0</wp:menu_order>
		<wp:post_type>post</wp:post_type>
		<wp:post_password></wp:post_password>
		<wp:is_sticky>0</wp:is_sticky>
		<category domain="category" nicename="business"><![CDATA[Business]]></category>
		<category domain="post_tag" nicename="envato"><![CDATA[envato]]></category>
		<category domain="category" nicename="media"><![CDATA[Media]]></category>
		<category domain="post_tag" nicename="redesign"><![CDATA[redesign]]></category>
		<category domain="category" nicename="web-applications"><![CDATA[Web Applications]]></category>
		<category domain="post_tag" nicename="websites"><![CDATA[websites]]></category>
		<wp:postmeta>
			<wp:meta_key>_edit_last</wp:meta_key>
			<wp:meta_value><![CDATA[1]]></wp:meta_value>
		</wp:postmeta>
		<wp:postmeta>
			<wp:meta_key>_thumbnail_id</wp:meta_key>
			<wp:meta_value><![CDATA[20]]></wp:meta_value>
		</wp:postmeta>
		<wp:postmeta>
			<wp:meta_key>slide_template</wp:meta_key>
			<wp:meta_value><![CDATA[default]]></wp:meta_value>
		</wp:postmeta>
		<wp:postmeta>
			<wp:meta_key>dt_standard_select</wp:meta_key>
			<wp:meta_value><![CDATA[selectkey1]]></wp:meta_value>
		</wp:postmeta>
		<wp:postmeta>
			<wp:meta_key>dt_link_radio</wp:meta_key>
			<wp:meta_value><![CDATA[blank]]></wp:meta_value>
		</wp:postmeta>
	</item>
	<item>
				<title>Working Like a Workaholic</title>
		<link>http://patti.deliciousthemes.com/?p=24</link>
		<pubDate>Sat, 01 Mar 2014 14:17:10 +0000</pubDate>
		<dc:creator><![CDATA[admin]]></dc:creator>
		<guid isPermaLink="false">http://demo.deliciousthemes.com/patti/?p=24</guid>
		<description></description>
		<content:encoded><![CDATA[Nullam adipiscing sapien ut mi elementum sit amet dictum magna luctus. Donec id ligula ut tellus ultricies ornare quis vel nunc lorem ipsum dolor sit amet.

<!--more-->

At vero eos et accusamus et iusto odio dignissimos ducimus qui blanditiis praesentium voluptatum deleniti atque corrupti quos dolores et quas molestias excepturi sint occaecati cupiditate non provident, similique sunt in culpa qui officia deserunt mollitia animi, id est laborum et dolorum fuga. 

Et harum quidem rerum facilis est et expedita distinctio. Nam libero tempore, cum soluta nobis est eligendi optio cumque nihil impedit quo minus id quod maxime placeat facere possimus, omnis voluptas assumenda est, omnis dolor repellendus.]]></content:encoded>
		<excerpt:encoded><![CDATA[]]></excerpt:encoded>
		<wp:post_id>24</wp:post_id>
		<wp:post_date>2014-03-01 14:17:10</wp:post_date>
		<wp:post_date_gmt>2014-03-01 14:17:10</wp:post_date_gmt>
		<wp:comment_status>open</wp:comment_status>
		<wp:ping_status>open</wp:ping_status>
		<wp:post_name>working-like-a-workaholic</wp:post_name>
		<wp:status>publish</wp:status>
		<wp:post_parent>0</wp:post_parent>
		<wp:menu_order>0</wp:menu_order>
		<wp:post_type>post</wp:post_type>
		<wp:post_password></wp:post_password>
		<wp:is_sticky>0</wp:is_sticky>
		<category domain="post_tag" nicename="api"><![CDATA[api]]></category>
		<category domain="category" nicename="business"><![CDATA[Business]]></category>
		<category domain="post_tag" nicename="development"><![CDATA[development]]></category>
		<category domain="category" nicename="web-applications"><![CDATA[Web Applications]]></category>
		<category domain="post_tag" nicename="wordpress"><![CDATA[wordpress]]></category>
		<category domain="post_tag" nicename="work"><![CDATA[work]]></category>
		<wp:postmeta>
			<wp:meta_key>_edit_last</wp:meta_key>
			<wp:meta_value><![CDATA[1]]></wp:meta_value>
		</wp:postmeta>
		<wp:postmeta>
			<wp:meta_key>_thumbnail_id</wp:meta_key>
			<wp:meta_value><![CDATA[16]]></wp:meta_value>
		</wp:postmeta>
		<wp:postmeta>
			<wp:meta_key>dt_standard_select</wp:meta_key>
			<wp:meta_value><![CDATA[selectkey1]]></wp:meta_value>
		</wp:postmeta>
		<wp:postmeta>
			<wp:meta_key>dt_link_radio</wp:meta_key>
			<wp:meta_value><![CDATA[blank]]></wp:meta_value>
		</wp:postmeta>
	</item>
	<item>
				<title>Perfect Sunday Morning Ride</title>
		<link>http://patti.deliciousthemes.com/?p=26</link>
		<pubDate>Sat, 01 Mar 2014 14:24:34 +0000</pubDate>
		<dc:creator><![CDATA[admin]]></dc:creator>
		<guid isPermaLink="false">http://demo.deliciousthemes.com/patti/?p=26</guid>
		<description></description>
		<content:encoded><![CDATA[Ut enim ad minima veniam, quis nostrum exercitationem ullam corporis suscipit laboriosam, nisi ut aliquid ex ea commodi consequatur.

<!--more-->

Etiam pellentesque, magna eget lobortis placerat, leo leo consequat ante, non iaculis turpis augue ac ligula. Nunc blandit tincidunt consequat. Duis diam metus, suscipit in pulvinar eget, egestas id arcu. Duis a enim vel mauris ultrices. Nullam aliquet velit ac velit tempus in semper neque auctor. Aenean ligula mi, auctor sed tempus ultrices, semper tempus diam.
<blockquote>Duis mollis, est non commodo luctus, nisi erat porttitor ligula, eget lacinia odio sem nec elit. Integer posuere erat a ante venenatis dapibus posuere velit aliquet. Donec ullamcorper nulla non metus auctor fringilla.</blockquote>
Lorem ipsum dolor sit amet, consectetur adipisicing elit, sed do eiusmod tempor incididunt ut labore et dolore magna aliqua. Ut enim ad minim veniam, quis nostrud exercitation ullamco laboris nisi ut aliquip ex ea commodo consequat. Duis aute irure dolor in reprehenderit in voluptate velit esse cillum dolore eu fugiat nulla pariatur.

<pre>&lt;!DOCTYPE html&gt; 
&lt;html lang=&quot;en&quot;&gt; 
&lt;head&gt;

&lt;/head&gt;
&lt;/body&gt;</pre>

Nunc blandit tincidunt consequat. Duis diam metus, suscipit in pulvinar eget, egestas id arcu. Duis a enim vel mauris ultrices. Nullam aliquet velit ac velit tempus in semper neque auctor. Aenean ligula mi, auctor sed tempus ultrices, semper tempus diam.]]></content:encoded>
		<excerpt:encoded><![CDATA[]]></excerpt:encoded>
		<wp:post_id>26</wp:post_id>
		<wp:post_date>2014-03-01 14:24:34</wp:post_date>
		<wp:post_date_gmt>2014-03-01 14:24:34</wp:post_date_gmt>
		<wp:comment_status>open</wp:comment_status>
		<wp:ping_status>open</wp:ping_status>
		<wp:post_name>perfect-sunday-morning-ride</wp:post_name>
		<wp:status>publish</wp:status>
		<wp:post_parent>0</wp:post_parent>
		<wp:menu_order>0</wp:menu_order>
		<wp:post_type>post</wp:post_type>
		<wp:post_password></wp:post_password>
		<wp:is_sticky>0</wp:is_sticky>
		<category domain="category" nicename="business"><![CDATA[Business]]></category>
		<category domain="post_tag" nicename="design"><![CDATA[Design]]></category>
		<category domain="post_tag" nicename="development"><![CDATA[development]]></category>
		<category domain="post_tag" nicename="mobile-devices"><![CDATA[Mobile devices]]></category>
		<category domain="post_tag" nicename="outdoor"><![CDATA[Outdoor]]></category>
		<wp:postmeta>
			<wp:meta_key>_edit_last</wp:meta_key>
			<wp:meta_value><![CDATA[1]]></wp:meta_value>
		</wp:postmeta>
		<wp:postmeta>
			<wp:meta_key>_thumbnail_id</wp:meta_key>
			<wp:meta_value><![CDATA[15]]></wp:meta_value>
		</wp:postmeta>
		<wp:postmeta>
			<wp:meta_key>dt_standard_select</wp:meta_key>
			<wp:meta_value><![CDATA[selectkey1]]></wp:meta_value>
		</wp:postmeta>
		<wp:postmeta>
			<wp:meta_key>dt_link_radio</wp:meta_key>
			<wp:meta_value><![CDATA[blank]]></wp:meta_value>
		</wp:postmeta>
	</item>
	<item>
				<title>WRITE FOR TUTSPLUS.COM – PASSIONATE PEOPLE REQUIRED!</title>
		<link>http://patti.deliciousthemes.com/?p=181</link>
		<pubDate>Sat, 01 Mar 2014 13:39:44 +0000</pubDate>
		<dc:creator><![CDATA[admin]]></dc:creator>
		<guid isPermaLink="false">http://demo.deliciousthemes.com/patti/?p=1</guid>
		<description></description>
		<content:encoded><![CDATA[Welcome to WordPress. This is your first post. Edit or delete it, then start blogging!]]></content:encoded>
		<excerpt:encoded><![CDATA[]]></excerpt:encoded>
		<wp:post_id>181</wp:post_id>
		<wp:post_date>2014-03-01 13:39:44</wp:post_date>
		<wp:post_date_gmt>2014-03-01 13:39:44</wp:post_date_gmt>
		<wp:comment_status>open</wp:comment_status>
		<wp:ping_status>open</wp:ping_status>
		<wp:post_name>hello-world-2</wp:post_name>
		<wp:status>publish</wp:status>
		<wp:post_parent>0</wp:post_parent>
		<wp:menu_order>0</wp:menu_order>
		<wp:post_type>post</wp:post_type>
		<wp:post_password></wp:post_password>
		<wp:is_sticky>0</wp:is_sticky>
		<category domain="post_tag" nicename="envato"><![CDATA[envato]]></category>
		<category domain="post_format" nicename="post-format-link"><![CDATA[Link]]></category>
		<category domain="post_tag" nicename="tutsplus"><![CDATA[TutsPlus]]></category>
		<category domain="category" nicename="web-applications"><![CDATA[Web Applications]]></category>
		<category domain="post_tag" nicename="writing"><![CDATA[Writing]]></category>
		<wp:postmeta>
			<wp:meta_key>_edit_last</wp:meta_key>
			<wp:meta_value><![CDATA[1]]></wp:meta_value>
		</wp:postmeta>
		<wp:postmeta>
			<wp:meta_key>slide_template</wp:meta_key>
			<wp:meta_value><![CDATA[default]]></wp:meta_value>
		</wp:postmeta>
		<wp:postmeta>
			<wp:meta_key>dt_standard_select</wp:meta_key>
			<wp:meta_value><![CDATA[selectkey1]]></wp:meta_value>
		</wp:postmeta>
		<wp:postmeta>
			<wp:meta_key>dt_link_block</wp:meta_key>
			<wp:meta_value><![CDATA[http://code.tutsplus.com/articles/wanted-amazing-writers--mobile-22748]]></wp:meta_value>
		</wp:postmeta>
		<wp:postmeta>
			<wp:meta_key>dt_link_radio</wp:meta_key>
			<wp:meta_value><![CDATA[blank]]></wp:meta_value>
		</wp:postmeta>
		<wp:comment>
			<wp:comment_id>2</wp:comment_id>
			<wp:comment_author><![CDATA[Mr WordPress]]></wp:comment_author>
			<wp:comment_author_email></wp:comment_author_email>
			<wp:comment_author_url>http://wordpress.org/</wp:comment_author_url>
			<wp:comment_author_IP></wp:comment_author_IP>
			<wp:comment_date>2014-03-01 13:39:44</wp:comment_date>
			<wp:comment_date_gmt>2014-03-01 13:39:44</wp:comment_date_gmt>
			<wp:comment_content><![CDATA[Hi, this is a comment.
To delete a comment, just log in and view the post&#039;s comments. There you will have the option to edit or delete them.]]></wp:comment_content>
			<wp:comment_approved>1</wp:comment_approved>
			<wp:comment_type></wp:comment_type>
			<wp:comment_parent>0</wp:comment_parent>
			<wp:comment_user_id>0</wp:comment_user_id>
		</wp:comment>
	</item>
	<item>
				<title>Logic will get you from A to B</title>
		<link>http://patti.deliciousthemes.com/?p=182</link>
		<pubDate>Sat, 01 Mar 2014 14:05:31 +0000</pubDate>
		<dc:creator><![CDATA[admin]]></dc:creator>
		<guid isPermaLink="false">http://demo.deliciousthemes.com/patti/?p=7</guid>
		<description></description>
		<content:encoded><![CDATA[]]></content:encoded>
		<excerpt:encoded><![CDATA[]]></excerpt:encoded>
		<wp:post_id>182</wp:post_id>
		<wp:post_date>2014-03-01 14:05:31</wp:post_date>
		<wp:post_date_gmt>2014-03-01 14:05:31</wp:post_date_gmt>
		<wp:comment_status>open</wp:comment_status>
		<wp:ping_status>open</wp:ping_status>
		<wp:post_name>logic-will-get-you-from-a-to-b</wp:post_name>
		<wp:status>publish</wp:status>
		<wp:post_parent>0</wp:post_parent>
		<wp:menu_order>0</wp:menu_order>
		<wp:post_type>post</wp:post_type>
		<wp:post_password></wp:post_password>
		<wp:is_sticky>0</wp:is_sticky>
		<category domain="post_tag" nicename="einstein"><![CDATA[einstein]]></category>
		<category domain="post_tag" nicename="famous-words"><![CDATA[famous words]]></category>
		<category domain="post_tag" nicename="quote"><![CDATA[quote]]></category>
		<category domain="post_format" nicename="post-format-quote"><![CDATA[Quote]]></category>
		<category domain="category" nicename="quotes"><![CDATA[Quotes]]></category>
		<wp:postmeta>
			<wp:meta_key>_edit_last</wp:meta_key>
			<wp:meta_value><![CDATA[1]]></wp:meta_value>
		</wp:postmeta>
		<wp:postmeta>
			<wp:meta_key>dt_standard_select</wp:meta_key>
			<wp:meta_value><![CDATA[selectkey1]]></wp:meta_value>
		</wp:postmeta>
		<wp:postmeta>
			<wp:meta_key>dt_link_radio</wp:meta_key>
			<wp:meta_value><![CDATA[blank]]></wp:meta_value>
		</wp:postmeta>
		<wp:postmeta>
			<wp:meta_key>dt_quote_block</wp:meta_key>
			<wp:meta_value><![CDATA[Logic will get you from A to B. Imagination will take you just about everywhere.]]></wp:meta_value>
		</wp:postmeta>
		<wp:postmeta>
			<wp:meta_key>dt_quote_author</wp:meta_key>
			<wp:meta_value><![CDATA[Albert Einstein]]></wp:meta_value>
		</wp:postmeta>
	</item>
</channel>
</rss>
